"state","date","week","year","suspected","labpositive","labnegative","untested"
"Abia","03/03/2017",9,2017,0,0,0,0
"Adamawa","03/03/2017",9,2017,0,0,0,0
"Akwa Ibom","03/03/2017",9,2017,0,0,0,0
"Anambra","03/03/2017",9,2017,0,0,0,0
"Bauchi","03/03/2017",9,2017,1,0,0,1
"Bayelsa","03/03/2017",9,2017,0,0,0,0
"Benue","03/03/2017",9,2017,0,0,0,0
"Borno","03/03/2017",9,2017,0,0,0,0
"Cross River","03/03/2017",9,2017,0,0,0,0
"Delta","03/03/2017",9,2017,0,0,0,0
"Ebonyi","03/03/2017",9,2017,0,0,0,0
"Edo","03/03/2017",9,2017,0,0,0,0
"Ekiti","03/03/2017",9,2017,0,0,0,0
"Enugu","03/03/2017",9,2017,0,0,0,0
"FCT","03/03/2017",9,2017,0,0,0,0
"Gombe","03/03/2017",9,2017,0,0,0,0
"Imo","03/03/2017",9,2017,0,0,0,0
"Jigawa","03/03/2017",9,2017,0,0,0,0
"Kaduna","03/03/2017",9,2017,0,0,0,0
"Kano","03/03/2017",9,2017,0,0,0,0
"Katsina","03/03/2017",9,2017,0,0,0,0
"Kebbi","03/03/2017",9,2017,0,0,0,0
"Kogi","03/03/2017",9,2017,0,0,0,0
"Kwara","03/03/2017",9,2017,0,0,0,0
"Lagos","03/03/2017",9,2017,0,0,0,0
"Nasarawa","03/03/2017",9,2017,0,0,0,0
"Niger","03/03/2017",9,2017,0,0,0,0
"Ogun","03/03/2017",9,2017,0,0,0,0
"Ondo","03/03/2017",9,2017,0,0,0,0
"Osun","03/03/2017",9,2017,0,0,0,0
"Oyo","03/03/2017",9,2017,0,0,0,0
"Plateau","03/03/2017",9,2017,1,0,0,1
"Rivers","03/03/2017",9,2017,0,0,0,0
"Sokoto","03/03/2017",9,2017,0,0,0,0
"Taraba","03/03/2017",9,2017,1,0,0,1
"Yobe","03/03/2017",9,2017,0,0,0,0
"Zamfara","03/03/2017",9,2017,0,0,0,0
"Abia","10/03/2017",10,2017,0,0,0,0
"Adamawa","10/03/2017",10,2017,0,0,0,0
"Akwa Ibom","10/03/2017",10,2017,0,0,0,0
"Anambra","10/03/2017",10,2017,0,0,0,0
"Bauchi","10/03/2017",10,2017,0,0,0,0
"Bayelsa","10/03/2017",10,2017,0,0,0,0
"Benue","10/03/2017",10,2017,0,0,0,0
"Borno","10/03/2017",10,2017,0,0,0,0
"Cross River","10/03/2017",10,2017,0,0,0,0
"Delta","10/03/2017",10,2017,0,0,0,0
"Ebonyi","10/03/2017",10,2017,0,0,0,0
"Edo","10/03/2017",10,2017,3,3,0,0
"Ekiti","10/03/2017",10,2017,0,0,0,0
"Enugu","10/03/2017",10,2017,0,0,0,0
"FCT","10/03/2017",10,2017,0,0,0,0
"Gombe","10/03/2017",10,2017,0,0,0,0
"Imo","10/03/2017",10,2017,0,0,0,0
"Jigawa","10/03/2017",10,2017,0,0,0,0
"Kaduna","10/03/2017",10,2017,0,0,0,0
"Kano","10/03/2017",10,2017,0,0,0,0
"Katsina","10/03/2017",10,2017,0,0,0,0
"Kebbi","10/03/2017",10,2017,0,0,0,0
"Kogi","10/03/2017",10,2017,0,0,0,0
"Kwara","10/03/2017",10,2017,0,0,0,0
"Lagos","10/03/2017",10,2017,0,0,0,0
"Nasarawa","10/03/2017",10,2017,0,0,0,0
"Niger","10/03/2017",10,2017,0,0,0,0
"Ogun","10/03/2017",10,2017,0,0,0,0
"Ondo","10/03/2017",10,2017,0,0,0,0
"Osun","10/03/2017",10,2017,0,0,0,0
"Oyo","10/03/2017",10,2017,0,0,0,0
"Plateau","10/03/2017",10,2017,0,0,0,0
"Rivers","10/03/2017",10,2017,0,0,0,0
"Sokoto","10/03/2017",10,2017,0,0,0,0
"Taraba","10/03/2017",10,2017,0,0,0,0
"Yobe","10/03/2017",10,2017,0,0,0,0
"Zamfara","10/03/2017",10,2017,0,0,0,0
"Abia","17/03/2017",11,2017,0,0,0,0
"Adamawa","17/03/2017",11,2017,0,0,0,0
"Akwa Ibom","17/03/2017",11,2017,0,0,0,0
"Anambra","17/03/2017",11,2017,0,0,0,0
"Bauchi","17/03/2017",11,2017,0,0,0,0
"Bayelsa","17/03/2017",11,2017,0,0,0,0
"Benue","17/03/2017",11,2017,0,0,0,0
"Borno","17/03/2017",11,2017,0,0,0,0
"Cross River","17/03/2017",11,2017,0,0,0,0
"Delta","17/03/2017",11,2017,0,0,0,0
"Ebonyi","17/03/2017",11,2017,0,0,0,0
"Edo","17/03/2017",11,2017,2,2,0,0
"Ekiti","17/03/2017",11,2017,0,0,0,0
"Enugu","17/03/2017",11,2017,0,0,0,0
"FCT","17/03/2017",11,2017,1,0,0,1
"Gombe","17/03/2017",11,2017,2,0,2,0
"Imo","17/03/2017",11,2017,0,0,0,0
"Jigawa","17/03/2017",11,2017,0,0,0,0
"Kaduna","17/03/2017",11,2017,0,0,0,0
"Kano","17/03/2017",11,2017,0,0,0,0
"Katsina","17/03/2017",11,2017,0,0,0,0
"Kebbi","17/03/2017",11,2017,0,0,0,0
"Kogi","17/03/2017",11,2017,0,0,0,0
"Kwara","17/03/2017",11,2017,0,0,0,0
"Lagos","17/03/2017",11,2017,0,0,0,0
"Nasarawa","17/03/2017",11,2017,1,0,1,0
"Niger","17/03/2017",11,2017,0,0,0,0
"Ogun","17/03/2017",11,2017,0,0,0,0
"Ondo","17/03/2017",11,2017,0,0,0,0
"Osun","17/03/2017",11,2017,0,0,0,0
"Oyo","17/03/2017",11,2017,0,0,0,0
"Plateau","17/03/2017",11,2017,0,0,0,0
"Rivers","17/03/2017",11,2017,0,0,0,0
"Sokoto","17/03/2017",11,2017,0,0,0,0
"Taraba","17/03/2017",11,2017,0,0,0,0
"Yobe","17/03/2017",11,2017,0,0,0,0
"Zamfara","17/03/2017",11,2017,0,0,0,0
"Abia","24/03/2017",12,2017,0,0,0,0
"Adamawa","24/03/2017",12,2017,6,0,0,6
"Akwa Ibom","24/03/2017",12,2017,0,0,0,0
"Anambra","24/03/2017",12,2017,0,0,0,0
"Bauchi","24/03/2017",12,2017,1,0,0,1
"Bayelsa","24/03/2017",12,2017,0,0,0,0
"Benue","24/03/2017",12,2017,0,0,0,0
"Borno","24/03/2017",12,2017,0,0,0,0
"Cross River","24/03/2017",12,2017,0,0,0,0
"Delta","24/03/2017",12,2017,0,0,0,0
"Ebonyi","24/03/2017",12,2017,1,0,0,1
"Edo","24/03/2017",12,2017,13,10,3,0
"Ekiti","24/03/2017",12,2017,0,0,0,0
"Enugu","24/03/2017",12,2017,0,0,0,0
"FCT","24/03/2017",12,2017,0,0,0,0
"Gombe","24/03/2017",12,2017,0,0,0,0
"Imo","24/03/2017",12,2017,0,0,0,0
"Jigawa","24/03/2017",12,2017,0,0,0,0
"Kaduna","24/03/2017",12,2017,0,0,0,0
"Kano","24/03/2017",12,2017,0,0,0,0
"Katsina","24/03/2017",12,2017,0,0,0,0
"Kebbi","24/03/2017",12,2017,0,0,0,0
"Kogi","24/03/2017",12,2017,0,0,0,0
"Kwara","24/03/2017",12,2017,0,0,0,0
"Lagos","24/03/2017",12,2017,0,0,0,0
"Nasarawa","24/03/2017",12,2017,3,0,3,0
"Niger","24/03/2017",12,2017,0,0,0,0
"Ogun","24/03/2017",12,2017,3,0,3,0
"Ondo","24/03/2017",12,2017,0,0,0,0
"Osun","24/03/2017",12,2017,0,0,0,0
"Oyo","24/03/2017",12,2017,0,0,0,0
"Plateau","24/03/2017",12,2017,0,0,0,0
"Rivers","24/03/2017",12,2017,0,0,0,0
"Sokoto","24/03/2017",12,2017,0,0,0,0
"Taraba","24/03/2017",12,2017,0,0,0,0
"Yobe","24/03/2017",12,2017,0,0,0,0
"Zamfara","24/03/2017",12,2017,0,0,0,0
"Abia","01/04/2017",13,2017,0,0,0,0
"Adamawa","01/04/2017",13,2017,0,0,0,0
"Akwa Ibom","01/04/2017",13,2017,0,0,0,0
"Anambra","01/04/2017",13,2017,0,0,0,0
"Bauchi","01/04/2017",13,2017,2,1,2,-1
"Bayelsa","01/04/2017",13,2017,0,0,0,0
"Benue","01/04/2017",13,2017,0,0,0,0
"Borno","01/04/2017",13,2017,0,0,0,0
"Cross River","01/04/2017",13,2017,0,0,0,0
"Delta","01/04/2017",13,2017,0,0,0,0
"Ebonyi","01/04/2017",13,2017,0,0,0,0
"Edo","01/04/2017",13,2017,0,0,0,0
"Ekiti","01/04/2017",13,2017,1,0,1,0
"Enugu","01/04/2017",13,2017,0,0,0,0
"FCT","01/04/2017",13,2017,0,0,0,0
"Gombe","01/04/2017",13,2017,1,0,1,0
"Imo","01/04/2017",13,2017,0,0,0,0
"Jigawa","01/04/2017",13,2017,0,0,0,0
"Kaduna","01/04/2017",13,2017,0,0,0,0
"Kano","01/04/2017",13,2017,0,0,0,0
"Katsina","01/04/2017",13,2017,0,0,0,0
"Kebbi","01/04/2017",13,2017,0,0,0,0
"Kogi","01/04/2017",13,2017,2,0,2,0
"Kwara","01/04/2017",13,2017,0,0,0,0
"Lagos","01/04/2017",13,2017,0,0,0,0
"Nasarawa","01/04/2017",13,2017,0,0,0,0
"Niger","01/04/2017",13,2017,0,0,0,0
"Ogun","01/04/2017",13,2017,0,0,0,0
"Ondo","01/04/2017",13,2017,8,1,7,0
"Osun","01/04/2017",13,2017,1,0,1,0
"Oyo","01/04/2017",13,2017,0,0,0,0
"Plateau","01/04/2017",13,2017,3,1,2,0
"Rivers","01/04/2017",13,2017,0,0,0,0
"Sokoto","01/04/2017",13,2017,0,0,0,0
"Taraba","01/04/2017",13,2017,1,0,1,0
"Yobe","01/04/2017",13,2017,0,0,0,0
"Zamfara","01/04/2017",13,2017,0,0,0,0
"Abia","08/04/2017",14,2017,0,0,0,0
"Adamawa","08/04/2017",14,2017,0,0,0,0
"Akwa Ibom","08/04/2017",14,2017,0,0,0,0
"Anambra","08/04/2017",14,2017,0,0,0,0
"Bauchi","08/04/2017",14,2017,0,0,0,0
"Bayelsa","08/04/2017",14,2017,0,0,0,0
"Benue","08/04/2017",14,2017,0,0,0,0
"Borno","08/04/2017",14,2017,0,0,0,0
"Cross River","08/04/2017",14,2017,0,0,0,0
"Delta","08/04/2017",14,2017,0,0,0,0
"Ebonyi","08/04/2017",14,2017,1,1,0,0
"Edo","08/04/2017",14,2017,3,1,2,0
"Ekiti","08/04/2017",14,2017,0,0,0,0
"Enugu","08/04/2017",14,2017,0,0,0,0
"FCT","08/04/2017",14,2017,2,0,2,0
"Gombe","08/04/2017",14,2017,1,0,1,0
"Imo","08/04/2017",14,2017,0,0,0,0
"Jigawa","08/04/2017",14,2017,0,0,0,0
"Kaduna","08/04/2017",14,2017,0,0,0,0
"Kano","08/04/2017",14,2017,0,0,0,0
"Katsina","08/04/2017",14,2017,0,0,0,0
"Kebbi","08/04/2017",14,2017,0,0,0,0
"Kogi","08/04/2017",14,2017,0,0,0,0
"Kwara","08/04/2017",14,2017,0,0,0,0
"Lagos","08/04/2017",14,2017,0,0,0,0
"Nasarawa","08/04/2017",14,2017,1,0,1,0
"Niger","08/04/2017",14,2017,0,0,0,0
"Ogun","08/04/2017",14,2017,0,0,0,0
"Ondo","08/04/2017",14,2017,9,0,9,0
"Osun","08/04/2017",14,2017,0,0,0,0
"Oyo","08/04/2017",14,2017,1,0,1,0
"Plateau","08/04/2017",14,2017,1,0,1,0
"Rivers","08/04/2017",14,2017,0,0,0,0
"Sokoto","08/04/2017",14,2017,0,0,0,0
"Taraba","08/04/2017",14,2017,0,0,0,0
"Yobe","08/04/2017",14,2017,0,0,0,0
"Zamfara","08/04/2017",14,2017,0,0,0,0
"Abia","14/04/2017",15,2017,0,0,0,0
"Adamawa","14/04/2017",15,2017,0,0,0,0
"Akwa Ibom","14/04/2017",15,2017,0,0,0,0
"Anambra","14/04/2017",15,2017,0,0,0,0
"Bauchi","14/04/2017",15,2017,2,0,0,2
"Bayelsa","14/04/2017",15,2017,0,0,0,0
"Benue","14/04/2017",15,2017,0,0,0,0
"Borno","14/04/2017",15,2017,0,0,0,0
"Cross River","14/04/2017",15,2017,0,0,0,0
"Delta","14/04/2017",15,2017,0,0,0,0
"Ebonyi","14/04/2017",15,2017,0,0,0,0
"Edo","14/04/2017",15,2017,0,0,0,0
"Ekiti","14/04/2017",15,2017,0,0,0,0
"Enugu","14/04/2017",15,2017,0,0,0,0
"FCT","14/04/2017",15,2017,0,0,0,0
"Gombe","14/04/2017",15,2017,0,0,0,0
"Imo","14/04/2017",15,2017,0,0,0,0
"Jigawa","14/04/2017",15,2017,0,0,0,0
"Kaduna","14/04/2017",15,2017,0,0,0,0
"Kano","14/04/2017",15,2017,1,0,0,1
"Katsina","14/04/2017",15,2017,0,0,0,0
"Kebbi","14/04/2017",15,2017,0,0,0,0
"Kogi","14/04/2017",15,2017,0,0,0,0
"Kwara","14/04/2017",15,2017,0,0,0,0
"Lagos","14/04/2017",15,2017,0,0,0,0
"Nasarawa","14/04/2017",15,2017,0,0,0,0
"Niger","14/04/2017",15,2017,0,0,0,0
"Ogun","14/04/2017",15,2017,0,0,0,0
"Ondo","14/04/2017",15,2017,0,0,0,0
"Osun","14/04/2017",15,2017,0,0,0,0
"Oyo","14/04/2017",15,2017,0,0,0,0
"Plateau","14/04/2017",15,2017,0,0,0,0
"Rivers","14/04/2017",15,2017,0,0,0,0
"Sokoto","14/04/2017",15,2017,0,0,0,0
"Taraba","14/04/2017",15,2017,0,0,0,0
"Yobe","14/04/2017",15,2017,0,0,0,0
"Zamfara","14/04/2017",15,2017,0,0,0,0
"Abia","21/04/2017",16,2017,0,0,0,0
"Adamawa","21/04/2017",16,2017,0,0,0,0
"Akwa Ibom","21/04/2017",16,2017,0,0,0,0
"Anambra","21/04/2017",16,2017,0,0,0,0
"Bauchi","21/04/2017",16,2017,0,0,0,0
"Bayelsa","21/04/2017",16,2017,0,0,0,0
"Benue","21/04/2017",16,2017,0,0,0,0
"Borno","21/04/2017",16,2017,0,0,0,0
"Cross River","21/04/2017",16,2017,0,0,0,0
"Delta","21/04/2017",16,2017,0,0,0,0
"Ebonyi","21/04/2017",16,2017,0,0,0,0
"Edo","21/04/2017",16,2017,0,0,0,0
"Ekiti","21/04/2017",16,2017,0,0,0,0
"Enugu","21/04/2017",16,2017,1,1,0,0
"FCT","21/04/2017",16,2017,0,0,0,0
"Gombe","21/04/2017",16,2017,0,0,0,0
"Imo","21/04/2017",16,2017,0,0,0,0
"Jigawa","21/04/2017",16,2017,0,0,0,0
"Kaduna","21/04/2017",16,2017,0,0,0,0
"Kano","21/04/2017",16,2017,1,0,1,0
"Katsina","21/04/2017",16,2017,0,0,0,0
"Kebbi","21/04/2017",16,2017,0,0,0,0
"Kogi","21/04/2017",16,2017,0,0,0,0
"Kwara","21/04/2017",16,2017,0,0,0,0
"Lagos","21/04/2017",16,2017,0,0,0,0
"Nasarawa","21/04/2017",16,2017,0,0,0,0
"Niger","21/04/2017",16,2017,0,0,0,0
"Ogun","21/04/2017",16,2017,0,0,0,0
"Ondo","21/04/2017",16,2017,2,0,0,2
"Osun","21/04/2017",16,2017,0,0,0,0
"Oyo","21/04/2017",16,2017,0,0,0,0
"Plateau","21/04/2017",16,2017,0,0,0,0
"Rivers","21/04/2017",16,2017,0,0,0,0
"Sokoto","21/04/2017",16,2017,0,0,0,0
"Taraba","21/04/2017",16,2017,0,0,0,0
"Yobe","21/04/2017",16,2017,0,0,0,0
"Zamfara","21/04/2017",16,2017,0,0,0,0
"Abia","28/04/2017",17,2017,0,0,0,0
"Adamawa","28/04/2017",17,2017,0,0,0,0
"Akwa Ibom","28/04/2017",17,2017,0,0,0,0
"Anambra","28/04/2017",17,2017,0,0,0,0
"Bauchi","28/04/2017",17,2017,1,0,0,1
"Bayelsa","28/04/2017",17,2017,0,0,0,0
"Benue","28/04/2017",17,2017,0,0,0,0
"Borno","28/04/2017",17,2017,0,0,0,0
"Cross River","28/04/2017",17,2017,0,0,0,0
"Delta","28/04/2017",17,2017,0,0,0,0
"Ebonyi","28/04/2017",17,2017,0,0,0,0
"Edo","28/04/2017",17,2017,0,0,0,0
"Ekiti","28/04/2017",17,2017,0,0,0,0
"Enugu","28/04/2017",17,2017,0,0,0,0
"FCT","28/04/2017",17,2017,0,0,0,0
"Gombe","28/04/2017",17,2017,0,0,0,0
"Imo","28/04/2017",17,2017,0,0,0,0
"Jigawa","28/04/2017",17,2017,0,0,0,0
"Kaduna","28/04/2017",17,2017,0,0,0,0
"Kano","28/04/2017",17,2017,0,0,0,0
"Katsina","28/04/2017",17,2017,0,0,0,0
"Kebbi","28/04/2017",17,2017,0,0,0,0
"Kogi","28/04/2017",17,2017,0,0,0,0
"Kwara","28/04/2017",17,2017,0,0,0,0
"Lagos","28/04/2017",17,2017,0,0,0,0
"Nasarawa","28/04/2017",17,2017,0,0,0,0
"Niger","28/04/2017",17,2017,0,0,0,0
"Ogun","28/04/2017",17,2017,0,0,0,0
"Ondo","28/04/2017",17,2017,0,0,0,0
"Osun","28/04/2017",17,2017,0,0,0,0
"Oyo","28/04/2017",17,2017,0,0,0,0
"Plateau","28/04/2017",17,2017,0,0,0,0
"Rivers","28/04/2017",17,2017,0,0,0,0
"Sokoto","28/04/2017",17,2017,0,0,0,0
"Taraba","28/04/2017",17,2017,1,0,0,1
"Yobe","28/04/2017",17,2017,1,0,0,1
"Zamfara","28/04/2017",17,2017,0,0,0,0
"Abia","05/05/2017",18,2017,0,0,0,0
"Adamawa","05/05/2017",18,2017,0,0,0,0
"Akwa Ibom","05/05/2017",18,2017,0,0,0,0
"Anambra","05/05/2017",18,2017,0,0,0,0
"Bauchi","05/05/2017",18,2017,0,0,0,0
"Bayelsa","05/05/2017",18,2017,0,0,0,0
"Benue","05/05/2017",18,2017,0,0,0,0
"Borno","05/05/2017",18,2017,0,0,0,0
"Cross River","05/05/2017",18,2017,0,0,0,0
"Delta","05/05/2017",18,2017,0,0,0,0
"Ebonyi","05/05/2017",18,2017,0,0,0,0
"Edo","05/05/2017",18,2017,0,0,0,0
"Ekiti","05/05/2017",18,2017,0,0,0,0
"Enugu","05/05/2017",18,2017,0,0,0,0
"FCT","05/05/2017",18,2017,0,0,0,0
"Gombe","05/05/2017",18,2017,0,0,0,0
"Imo","05/05/2017",18,2017,0,0,0,0
"Jigawa","05/05/2017",18,2017,0,0,0,0
"Kaduna","05/05/2017",18,2017,0,0,0,0
"Kano","05/05/2017",18,2017,2,0,0,2
"Katsina","05/05/2017",18,2017,0,0,0,0
"Kebbi","05/05/2017",18,2017,0,0,0,0
"Kogi","05/05/2017",18,2017,0,0,0,0
"Kwara","05/05/2017",18,2017,0,0,0,0
"Lagos","05/05/2017",18,2017,0,0,0,0
"Nasarawa","05/05/2017",18,2017,0,0,0,0
"Niger","05/05/2017",18,2017,0,0,0,0
"Ogun","05/05/2017",18,2017,0,0,0,0
"Ondo","05/05/2017",18,2017,0,0,0,0
"Osun","05/05/2017",18,2017,0,0,0,0
"Oyo","05/05/2017",18,2017,0,0,0,0
"Plateau","05/05/2017",18,2017,0,0,0,0
"Rivers","05/05/2017",18,2017,0,0,0,0
"Sokoto","05/05/2017",18,2017,0,0,0,0
"Taraba","05/05/2017",18,2017,0,0,0,0
"Yobe","05/05/2017",18,2017,0,0,0,0
"Zamfara","05/05/2017",18,2017,0,0,0,0
"Abia","12/05/2017",19,2017,0,0,0,0
"Adamawa","12/05/2017",19,2017,0,0,0,0
"Akwa Ibom","12/05/2017",19,2017,0,0,0,0
"Anambra","12/05/2017",19,2017,0,0,0,0
"Bauchi","12/05/2017",19,2017,0,0,0,0
"Bayelsa","12/05/2017",19,2017,0,0,0,0
"Benue","12/05/2017",19,2017,0,0,0,0
"Borno","12/05/2017",19,2017,0,0,0,0
"Cross River","12/05/2017",19,2017,0,0,0,0
"Delta","12/05/2017",19,2017,0,0,0,0
"Ebonyi","12/05/2017",19,2017,0,0,0,0
"Edo","12/05/2017",19,2017,0,0,0,0
"Ekiti","12/05/2017",19,2017,0,0,0,0
"Enugu","12/05/2017",19,2017,0,0,0,0
"FCT","12/05/2017",19,2017,0,0,0,0
"Gombe","12/05/2017",19,2017,0,0,0,0
"Imo","12/05/2017",19,2017,0,0,0,0
"Jigawa","12/05/2017",19,2017,1,0,1,0
"Kaduna","12/05/2017",19,2017,1,0,1,0
"Kano","12/05/2017",19,2017,0,0,0,0
"Katsina","12/05/2017",19,2017,0,0,0,0
"Kebbi","12/05/2017",19,2017,0,0,0,0
"Kogi","12/05/2017",19,2017,0,0,0,0
"Kwara","12/05/2017",19,2017,0,0,0,0
"Lagos","12/05/2017",19,2017,0,0,0,0
"Nasarawa","12/05/2017",19,2017,0,0,0,0
"Niger","12/05/2017",19,2017,0,0,0,0
"Ogun","12/05/2017",19,2017,0,0,0,0
"Ondo","12/05/2017",19,2017,0,0,0,0
"Osun","12/05/2017",19,2017,0,0,0,0
"Oyo","12/05/2017",19,2017,0,0,0,0
"Plateau","12/05/2017",19,2017,0,0,0,0
"Rivers","12/05/2017",19,2017,0,0,0,0
"Sokoto","12/05/2017",19,2017,0,0,0,0
"Taraba","12/05/2017",19,2017,0,0,0,0
"Yobe","12/05/2017",19,2017,0,0,0,0
"Zamfara","12/05/2017",19,2017,0,0,0,0
"Abia","19/05/2017",20,2017,0,0,0,0
"Adamawa","19/05/2017",20,2017,0,0,0,0
"Akwa Ibom","19/05/2017",20,2017,0,0,0,0
"Anambra","19/05/2017",20,2017,0,0,0,0
"Bauchi","19/05/2017",20,2017,0,0,0,0
"Bayelsa","19/05/2017",20,2017,0,0,0,0
"Benue","19/05/2017",20,2017,0,0,0,0
"Borno","19/05/2017",20,2017,0,0,0,0
"Cross River","19/05/2017",20,2017,0,0,0,0
"Delta","19/05/2017",20,2017,0,0,0,0
"Ebonyi","19/05/2017",20,2017,0,0,0,0
"Edo","19/05/2017",20,2017,10,0,0,10
"Ekiti","19/05/2017",20,2017,0,0,0,0
"Enugu","19/05/2017",20,2017,0,0,0,0
"FCT","19/05/2017",20,2017,0,0,0,0
"Gombe","19/05/2017",20,2017,0,0,0,0
"Imo","19/05/2017",20,2017,0,0,0,0
"Jigawa","19/05/2017",20,2017,0,0,0,0
"Kaduna","19/05/2017",20,2017,0,0,0,0
"Kano","19/05/2017",20,2017,0,0,0,0
"Katsina","19/05/2017",20,2017,0,0,0,0
"Kebbi","19/05/2017",20,2017,0,0,0,0
"Kogi","19/05/2017",20,2017,0,0,0,0
"Kwara","19/05/2017",20,2017,0,0,0,0
"Lagos","19/05/2017",20,2017,0,0,0,0
"Nasarawa","19/05/2017",20,2017,0,0,0,0
"Niger","19/05/2017",20,2017,0,0,0,0
"Ogun","19/05/2017",20,2017,0,0,0,0
"Ondo","19/05/2017",20,2017,0,0,0,0
"Osun","19/05/2017",20,2017,0,0,0,0
"Oyo","19/05/2017",20,2017,0,0,0,0
"Plateau","19/05/2017",20,2017,0,0,0,0
"Rivers","19/05/2017",20,2017,0,0,0,0
"Sokoto","19/05/2017",20,2017,0,0,0,0
"Taraba","19/05/2017",20,2017,1,0,0,1
"Yobe","19/05/2017",20,2017,0,0,0,0
"Zamfara","19/05/2017",20,2017,0,0,0,0
"Abia","26/05/2017",21,2017,0,0,0,0
"Adamawa","26/05/2017",21,2017,0,0,0,0
"Akwa Ibom","26/05/2017",21,2017,0,0,0,0
"Anambra","26/05/2017",21,2017,0,0,0,0
"Bauchi","26/05/2017",21,2017,0,0,0,0
"Bayelsa","26/05/2017",21,2017,0,0,0,0
"Benue","26/05/2017",21,2017,0,0,0,0
"Borno","26/05/2017",21,2017,0,0,0,0
"Cross River","26/05/2017",21,2017,1,0,1,0
"Delta","26/05/2017",21,2017,0,0,0,0
"Ebonyi","26/05/2017",21,2017,0,0,0,0
"Edo","26/05/2017",21,2017,0,0,0,0
"Ekiti","26/05/2017",21,2017,0,0,0,0
"Enugu","26/05/2017",21,2017,0,0,0,0
"FCT","26/05/2017",21,2017,0,0,0,0
"Gombe","26/05/2017",21,2017,0,0,0,0
"Imo","26/05/2017",21,2017,0,0,0,0
"Jigawa","26/05/2017",21,2017,0,0,0,0
"Kaduna","26/05/2017",21,2017,0,0,0,0
"Kano","26/05/2017",21,2017,0,0,0,0
"Katsina","26/05/2017",21,2017,0,0,0,0
"Kebbi","26/05/2017",21,2017,0,0,0,0
"Kogi","26/05/2017",21,2017,0,0,0,0
"Kwara","26/05/2017",21,2017,0,0,0,0
"Lagos","26/05/2017",21,2017,0,0,0,0
"Nasarawa","26/05/2017",21,2017,1,0,1,0
"Niger","26/05/2017",21,2017,0,0,0,0
"Ogun","26/05/2017",21,2017,0,0,0,0
"Ondo","26/05/2017",21,2017,0,0,0,0
"Osun","26/05/2017",21,2017,0,0,0,0
"Oyo","26/05/2017",21,2017,0,0,0,0
"Plateau","26/05/2017",21,2017,0,0,0,0
"Rivers","26/05/2017",21,2017,0,0,0,0
"Sokoto","26/05/2017",21,2017,0,0,0,0
"Taraba","26/05/2017",21,2017,0,0,0,0
"Yobe","26/05/2017",21,2017,0,0,0,0
"Zamfara","26/05/2017",21,2017,0,0,0,0
"Abia","02/06/2017",22,2017,0,0,0,0
"Adamawa","02/06/2017",22,2017,0,0,0,0
"Akwa Ibom","02/06/2017",22,2017,0,0,0,0
"Anambra","02/06/2017",22,2017,0,0,0,0
"Bauchi","02/06/2017",22,2017,0,0,0,0
"Bayelsa","02/06/2017",22,2017,0,0,0,0
"Benue","02/06/2017",22,2017,0,0,0,0
"Borno","02/06/2017",22,2017,0,0,0,0
"Cross River","02/06/2017",22,2017,1,0,1,0
"Delta","02/06/2017",22,2017,0,0,0,0
"Ebonyi","02/06/2017",22,2017,0,0,0,0
"Edo","02/06/2017",22,2017,0,0,0,0
"Ekiti","02/06/2017",22,2017,0,0,0,0
"Enugu","02/06/2017",22,2017,0,0,0,0
"FCT","02/06/2017",22,2017,0,0,0,0
"Gombe","02/06/2017",22,2017,0,0,0,0
"Imo","02/06/2017",22,2017,0,0,0,0
"Jigawa","02/06/2017",22,2017,0,0,0,0
"Kaduna","02/06/2017",22,2017,0,0,0,0
"Kano","02/06/2017",22,2017,0,0,0,0
"Katsina","02/06/2017",22,2017,0,0,0,0
"Kebbi","02/06/2017",22,2017,0,0,0,0
"Kogi","02/06/2017",22,2017,0,0,0,0
"Kwara","02/06/2017",22,2017,0,0,0,0
"Lagos","02/06/2017",22,2017,0,0,0,0
"Nasarawa","02/06/2017",22,2017,1,0,1,0
"Niger","02/06/2017",22,2017,0,0,0,0
"Ogun","02/06/2017",22,2017,0,0,0,0
"Ondo","02/06/2017",22,2017,0,0,0,0
"Osun","02/06/2017",22,2017,0,0,0,0
"Oyo","02/06/2017",22,2017,0,0,0,0
"Plateau","02/06/2017",22,2017,2,1,1,0
"Rivers","02/06/2017",22,2017,0,0,0,0
"Sokoto","02/06/2017",22,2017,0,0,0,0
"Taraba","02/06/2017",22,2017,0,0,0,0
"Yobe","02/06/2017",22,2017,0,0,0,0
"Zamfara","02/06/2017",22,2017,0,0,0,0
"Abia","09/06/2017",23,2017,0,0,0,0
"Adamawa","09/06/2017",23,2017,0,0,0,0
"Akwa Ibom","09/06/2017",23,2017,0,0,0,0
"Anambra","09/06/2017",23,2017,1,1,0,0
"Bauchi","09/06/2017",23,2017,0,0,0,0
"Bayelsa","09/06/2017",23,2017,0,0,0,0
"Benue","09/06/2017",23,2017,0,0,0,0
"Borno","09/06/2017",23,2017,0,0,0,0
"Cross River","09/06/2017",23,2017,0,0,0,0
"Delta","09/06/2017",23,2017,0,0,0,0
"Ebonyi","09/06/2017",23,2017,0,0,0,0
"Edo","09/06/2017",23,2017,0,0,0,0
"Ekiti","09/06/2017",23,2017,0,0,0,0
"Enugu","09/06/2017",23,2017,0,0,0,0
"FCT","09/06/2017",23,2017,0,0,0,0
"Gombe","09/06/2017",23,2017,0,0,0,0
"Imo","09/06/2017",23,2017,0,0,0,0
"Jigawa","09/06/2017",23,2017,0,0,0,0
"Kaduna","09/06/2017",23,2017,0,0,0,0
"Kano","09/06/2017",23,2017,0,0,0,0
"Katsina","09/06/2017",23,2017,0,0,0,0
"Kebbi","09/06/2017",23,2017,0,0,0,0
"Kogi","09/06/2017",23,2017,0,0,0,0
"Kwara","09/06/2017",23,2017,0,0,0,0
"Lagos","09/06/2017",23,2017,0,0,0,0
"Nasarawa","09/06/2017",23,2017,0,0,0,0
"Niger","09/06/2017",23,2017,0,0,0,0
"Ogun","09/06/2017",23,2017,2,0,2,0
"Ondo","09/06/2017",23,2017,0,0,0,0
"Osun","09/06/2017",23,2017,0,0,0,0
"Oyo","09/06/2017",23,2017,0,0,0,0
"Plateau","09/06/2017",23,2017,0,0,0,0
"Rivers","09/06/2017",23,2017,0,0,0,0
"Sokoto","09/06/2017",23,2017,0,0,0,0
"Taraba","09/06/2017",23,2017,0,0,0,0
"Yobe","09/06/2017",23,2017,0,0,0,0
"Zamfara","09/06/2017",23,2017,0,0,0,0
"Abia","16/06/2017",24,2017,0,0,0,0
"Adamawa","16/06/2017",24,2017,0,0,0,0
"Akwa Ibom","16/06/2017",24,2017,0,0,0,0
"Anambra","16/06/2017",24,2017,0,0,0,0
"Bauchi","16/06/2017",24,2017,0,0,0,0
"Bayelsa","16/06/2017",24,2017,0,0,0,0
"Benue","16/06/2017",24,2017,0,0,0,0
"Borno","16/06/2017",24,2017,0,0,0,0
"Cross River","16/06/2017",24,2017,0,0,0,0
"Delta","16/06/2017",24,2017,0,0,0,0
"Ebonyi","16/06/2017",24,2017,0,0,0,0
"Edo","16/06/2017",24,2017,4,4,0,0
"Ekiti","16/06/2017",24,2017,0,0,0,0
"Enugu","16/06/2017",24,2017,0,0,0,0
"FCT","16/06/2017",24,2017,0,0,0,0
"Gombe","16/06/2017",24,2017,0,0,0,0
"Imo","16/06/2017",24,2017,0,0,0,0
"Jigawa","16/06/2017",24,2017,0,0,0,0
"Kaduna","16/06/2017",24,2017,0,0,0,0
"Kano","16/06/2017",24,2017,0,0,0,0
"Katsina","16/06/2017",24,2017,3,0,3,0
"Kebbi","16/06/2017",24,2017,0,0,0,0
"Kogi","16/06/2017",24,2017,1,0,1,0
"Kwara","16/06/2017",24,2017,0,0,0,0
"Lagos","16/06/2017",24,2017,0,0,0,0
"Nasarawa","16/06/2017",24,2017,0,0,0,0
"Niger","16/06/2017",24,2017,0,0,0,0
"Ogun","16/06/2017",24,2017,1,0,1,0
"Ondo","16/06/2017",24,2017,0,0,0,0
"Osun","16/06/2017",24,2017,0,0,0,0
"Oyo","16/06/2017",24,2017,0,0,0,0
"Plateau","16/06/2017",24,2017,0,0,0,0
"Rivers","16/06/2017",24,2017,0,0,0,0
"Sokoto","16/06/2017",24,2017,0,0,0,0
"Taraba","16/06/2017",24,2017,1,0,1,0
"Yobe","16/06/2017",24,2017,0,0,0,0
"Zamfara","16/06/2017",24,2017,0,0,0,0
"Abia","25/06/2017",25,2017,0,0,0,0
"Adamawa","25/06/2017",25,2017,0,0,0,0
"Akwa Ibom","25/06/2017",25,2017,0,0,0,0
"Anambra","25/06/2017",25,2017,0,0,0,0
"Bauchi","25/06/2017",25,2017,1,0,0,1
"Bayelsa","25/06/2017",25,2017,0,0,0,0
"Benue","25/06/2017",25,2017,0,0,0,0
"Borno","25/06/2017",25,2017,0,0,0,0
"Cross River","25/06/2017",25,2017,0,0,0,0
"Delta","25/06/2017",25,2017,0,0,0,0
"Ebonyi","25/06/2017",25,2017,0,0,0,0
"Edo","25/06/2017",25,2017,1,1,0,0
"Ekiti","25/06/2017",25,2017,0,0,0,0
"Enugu","25/06/2017",25,2017,0,0,0,0
"FCT","25/06/2017",25,2017,0,0,0,0
"Gombe","25/06/2017",25,2017,0,0,0,0
"Imo","25/06/2017",25,2017,0,0,0,0
"Jigawa","25/06/2017",25,2017,0,0,0,0
"Kaduna","25/06/2017",25,2017,0,0,0,0
"Kano","25/06/2017",25,2017,0,0,0,0
"Katsina","25/06/2017",25,2017,0,0,0,0
"Kebbi","25/06/2017",25,2017,0,0,0,0
"Kogi","25/06/2017",25,2017,0,0,0,0
"Kwara","25/06/2017",25,2017,0,0,0,0
"Lagos","25/06/2017",25,2017,0,0,0,0
"Nasarawa","25/06/2017",25,2017,0,0,0,0
"Niger","25/06/2017",25,2017,0,0,0,0
"Ogun","25/06/2017",25,2017,1,0,0,1
"Ondo","25/06/2017",25,2017,6,6,0,0
"Osun","25/06/2017",25,2017,0,0,0,0
"Oyo","25/06/2017",25,2017,0,0,0,0
"Plateau","25/06/2017",25,2017,0,0,0,0
"Rivers","25/06/2017",25,2017,0,0,0,0
"Sokoto","25/06/2017",25,2017,0,0,0,0
"Taraba","25/06/2017",25,2017,0,0,0,0
"Yobe","25/06/2017",25,2017,0,0,0,0
"Zamfara","25/06/2017",25,2017,0,0,0,0
"Abia","02/07/2017",26,2017,0,0,0,0
"Adamawa","02/07/2017",26,2017,0,0,0,0
"Akwa Ibom","02/07/2017",26,2017,0,0,0,0
"Anambra","02/07/2017",26,2017,0,0,0,0
"Bauchi","02/07/2017",26,2017,0,0,0,0
"Bayelsa","02/07/2017",26,2017,0,0,0,0
"Benue","02/07/2017",26,2017,0,0,0,0
"Borno","02/07/2017",26,2017,0,0,0,0
"Cross River","02/07/2017",26,2017,0,0,0,0
"Delta","02/07/2017",26,2017,0,0,0,0
"Ebonyi","02/07/2017",26,2017,0,0,0,0
"Edo","02/07/2017",26,2017,0,0,0,0
"Ekiti","02/07/2017",26,2017,0,0,0,0
"Enugu","02/07/2017",26,2017,0,0,0,0
"FCT","02/07/2017",26,2017,0,0,0,0
"Gombe","02/07/2017",26,2017,0,0,0,0
"Imo","02/07/2017",26,2017,0,0,0,0
"Jigawa","02/07/2017",26,2017,0,0,0,0
"Kaduna","02/07/2017",26,2017,0,0,0,0
"Kano","02/07/2017",26,2017,0,0,0,0
"Katsina","02/07/2017",26,2017,0,0,0,0
"Kebbi","02/07/2017",26,2017,0,0,0,0
"Kogi","02/07/2017",26,2017,0,0,0,0
"Kwara","02/07/2017",26,2017,0,0,0,0
"Lagos","02/07/2017",26,2017,0,0,0,0
"Nasarawa","02/07/2017",26,2017,0,0,0,0
"Niger","02/07/2017",26,2017,0,0,0,0
"Ogun","02/07/2017",26,2017,0,0,0,0
"Ondo","02/07/2017",26,2017,3,3,0,0
"Osun","02/07/2017",26,2017,0,0,0,0
"Oyo","02/07/2017",26,2017,0,0,0,0
"Plateau","02/07/2017",26,2017,0,0,0,0
"Rivers","02/07/2017",26,2017,0,0,0,0
"Sokoto","02/07/2017",26,2017,0,0,0,0
"Taraba","02/07/2017",26,2017,0,0,0,0
"Yobe","02/07/2017",26,2017,0,0,0,0
"Zamfara","02/07/2017",26,2017,0,0,0,0
"Abia","09/07/2017",27,2017,0,0,0,0
"Adamawa","09/07/2017",27,2017,0,0,0,0
"Akwa Ibom","09/07/2017",27,2017,0,0,0,0
"Anambra","09/07/2017",27,2017,0,0,0,0
"Bauchi","09/07/2017",27,2017,0,0,0,0
"Bayelsa","09/07/2017",27,2017,0,0,0,0
"Benue","09/07/2017",27,2017,0,0,0,0
"Borno","09/07/2017",27,2017,0,0,0,0
"Cross River","09/07/2017",27,2017,0,0,0,0
"Delta","09/07/2017",27,2017,0,0,0,0
"Ebonyi","09/07/2017",27,2017,0,0,0,0
"Edo","09/07/2017",27,2017,0,0,0,0
"Ekiti","09/07/2017",27,2017,0,0,0,0
"Enugu","09/07/2017",27,2017,0,0,0,0
"FCT","09/07/2017",27,2017,0,0,0,0
"Gombe","09/07/2017",27,2017,2,0,2,0
"Imo","09/07/2017",27,2017,0,0,0,0
"Jigawa","09/07/2017",27,2017,0,0,0,0
"Kaduna","09/07/2017",27,2017,0,0,0,0
"Kano","09/07/2017",27,2017,0,0,0,0
"Katsina","09/07/2017",27,2017,0,0,0,0
"Kebbi","09/07/2017",27,2017,0,0,0,0
"Kogi","09/07/2017",27,2017,0,0,0,0
"Kwara","09/07/2017",27,2017,0,0,0,0
"Lagos","09/07/2017",27,2017,0,0,0,0
"Nasarawa","09/07/2017",27,2017,0,0,0,0
"Niger","09/07/2017",27,2017,0,0,0,0
"Ogun","09/07/2017",27,2017,0,0,0,0
"Ondo","09/07/2017",27,2017,2,0,2,0
"Osun","09/07/2017",27,2017,0,0,0,0
"Oyo","09/07/2017",27,2017,0,0,0,0
"Plateau","09/07/2017",27,2017,8,3,5,0
"Rivers","09/07/2017",27,2017,0,0,0,0
"Sokoto","09/07/2017",27,2017,0,0,0,0
"Taraba","09/07/2017",27,2017,0,0,0,0
"Yobe","09/07/2017",27,2017,0,0,0,0
"Zamfara","09/07/2017",27,2017,0,0,0,0
"Abia","16/07/2017",28,2017,0,0,0,0
"Adamawa","16/07/2017",28,2017,0,0,0,0
"Akwa Ibom","16/07/2017",28,2017,0,0,0,0
"Anambra","16/07/2017",28,2017,0,0,0,0
"Bauchi","16/07/2017",28,2017,0,0,0,0
"Bayelsa","16/07/2017",28,2017,0,0,0,0
"Benue","16/07/2017",28,2017,0,0,0,0
"Borno","16/07/2017",28,2017,0,0,0,0
"Cross River","16/07/2017",28,2017,0,0,0,0
"Delta","16/07/2017",28,2017,0,0,0,0
"Ebonyi","16/07/2017",28,2017,0,0,0,0
"Edo","16/07/2017",28,2017,0,0,0,0
"Ekiti","16/07/2017",28,2017,0,0,0,0
"Enugu","16/07/2017",28,2017,0,0,0,0
"FCT","16/07/2017",28,2017,0,0,0,0
"Gombe","16/07/2017",28,2017,0,0,0,0
"Imo","16/07/2017",28,2017,0,0,0,0
"Jigawa","16/07/2017",28,2017,0,0,0,0
"Kaduna","16/07/2017",28,2017,0,0,0,0
"Kano","16/07/2017",28,2017,0,0,0,0
"Katsina","16/07/2017",28,2017,1,0,1,0
"Kebbi","16/07/2017",28,2017,0,0,0,0
"Kogi","16/07/2017",28,2017,0,0,0,0
"Kwara","16/07/2017",28,2017,0,0,0,0
"Lagos","16/07/2017",28,2017,0,0,0,0
"Nasarawa","16/07/2017",28,2017,0,0,0,0
"Niger","16/07/2017",28,2017,0,0,0,0
"Ogun","16/07/2017",28,2017,0,0,0,0
"Ondo","16/07/2017",28,2017,2,2,0,0
"Osun","16/07/2017",28,2017,0,0,0,0
"Oyo","16/07/2017",28,2017,0,0,0,0
"Plateau","16/07/2017",28,2017,3,1,2,0
"Rivers","16/07/2017",28,2017,0,0,0,0
"Sokoto","16/07/2017",28,2017,0,0,0,0
"Taraba","16/07/2017",28,2017,0,0,0,0
"Yobe","16/07/2017",28,2017,0,0,0,0
"Zamfara","16/07/2017",28,2017,0,0,0,0
"Abia","23/07/2017",29,2017,0,0,0,0
"Adamawa","23/07/2017",29,2017,0,0,0,0
"Akwa Ibom","23/07/2017",29,2017,0,0,0,0
"Anambra","23/07/2017",29,2017,0,0,0,0
"Bauchi","23/07/2017",29,2017,0,0,0,0
"Bayelsa","23/07/2017",29,2017,0,0,0,0
"Benue","23/07/2017",29,2017,0,0,0,0
"Borno","23/07/2017",29,2017,0,0,0,0
"Cross River","23/07/2017",29,2017,0,0,0,0
"Delta","23/07/2017",29,2017,0,0,0,0
"Ebonyi","23/07/2017",29,2017,0,0,0,0
"Edo","23/07/2017",29,2017,0,0,0,0
"Ekiti","23/07/2017",29,2017,0,0,0,0
"Enugu","23/07/2017",29,2017,0,0,0,0
"FCT","23/07/2017",29,2017,0,0,0,0
"Gombe","23/07/2017",29,2017,0,0,0,0
"Imo","23/07/2017",29,2017,0,0,0,0
"Jigawa","23/07/2017",29,2017,0,0,0,0
"Kaduna","23/07/2017",29,2017,0,0,0,0
"Kano","23/07/2017",29,2017,0,0,0,0
"Katsina","23/07/2017",29,2017,0,0,0,0
"Kebbi","23/07/2017",29,2017,0,0,0,0
"Kogi","23/07/2017",29,2017,0,0,0,0
"Kwara","23/07/2017",29,2017,0,0,0,0
"Lagos","23/07/2017",29,2017,0,0,0,0
"Nasarawa","23/07/2017",29,2017,0,0,0,0
"Niger","23/07/2017",29,2017,0,0,0,0
"Ogun","23/07/2017",29,2017,0,0,0,0
"Ondo","23/07/2017",29,2017,0,0,0,0
"Osun","23/07/2017",29,2017,0,0,0,0
"Oyo","23/07/2017",29,2017,0,0,0,0
"Plateau","23/07/2017",29,2017,5,4,1,0
"Rivers","23/07/2017",29,2017,0,0,0,0
"Sokoto","23/07/2017",29,2017,0,0,0,0
"Taraba","23/07/2017",29,2017,0,0,0,0
"Yobe","23/07/2017",29,2017,0,0,0,0
"Zamfara","23/07/2017",29,2017,0,0,0,0
"Abia","30/07/2017",30,2017,0,0,0,0
"Adamawa","30/07/2017",30,2017,0,0,0,0
"Akwa Ibom","30/07/2017",30,2017,0,0,0,0
"Anambra","30/07/2017",30,2017,0,0,0,0
"Bauchi","30/07/2017",30,2017,0,0,0,0
"Bayelsa","30/07/2017",30,2017,0,0,0,0
"Benue","30/07/2017",30,2017,0,0,0,0
"Borno","30/07/2017",30,2017,0,0,0,0
"Cross River","30/07/2017",30,2017,0,0,0,0
"Delta","30/07/2017",30,2017,0,0,0,0
"Ebonyi","30/07/2017",30,2017,0,0,0,0
"Edo","30/07/2017",30,2017,10,2,8,0
"Ekiti","30/07/2017",30,2017,0,0,0,0
"Enugu","30/07/2017",30,2017,0,0,0,0
"FCT","30/07/2017",30,2017,0,0,0,0
"Gombe","30/07/2017",30,2017,0,0,0,0
"Imo","30/07/2017",30,2017,0,0,0,0
"Jigawa","30/07/2017",30,2017,0,0,0,0
"Kaduna","30/07/2017",30,2017,0,0,0,0
"Kano","30/07/2017",30,2017,0,0,0,0
"Katsina","30/07/2017",30,2017,0,0,0,0
"Kebbi","30/07/2017",30,2017,0,0,0,0
"Kogi","30/07/2017",30,2017,0,0,0,0
"Kwara","30/07/2017",30,2017,0,0,0,0
"Lagos","30/07/2017",30,2017,0,0,0,0
"Nasarawa","30/07/2017",30,2017,1,0,0,1
"Niger","30/07/2017",30,2017,0,0,0,0
"Ogun","30/07/2017",30,2017,0,0,0,0
"Ondo","30/07/2017",30,2017,0,0,0,0
"Osun","30/07/2017",30,2017,0,0,0,0
"Oyo","30/07/2017",30,2017,0,0,0,0
"Plateau","30/07/2017",30,2017,1,0,0,1
"Rivers","30/07/2017",30,2017,0,0,0,0
"Sokoto","30/07/2017",30,2017,0,0,0,0
"Taraba","30/07/2017",30,2017,0,0,0,0
"Yobe","30/07/2017",30,2017,0,0,0,0
"Zamfara","30/07/2017",30,2017,0,0,0,0
"Abia","06/08/2017",31,2017,0,0,0,0
"Adamawa","06/08/2017",31,2017,0,0,0,0
"Akwa Ibom","06/08/2017",31,2017,0,0,0,0
"Anambra","06/08/2017",31,2017,0,0,0,0
"Bauchi","06/08/2017",31,2017,0,0,0,0
"Bayelsa","06/08/2017",31,2017,0,0,0,0
"Benue","06/08/2017",31,2017,1,0,1,0
"Borno","06/08/2017",31,2017,0,0,0,0
"Cross River","06/08/2017",31,2017,0,0,0,0
"Delta","06/08/2017",31,2017,0,0,0,0
"Ebonyi","06/08/2017",31,2017,0,0,0,0
"Edo","06/08/2017",31,2017,0,0,0,0
"Ekiti","06/08/2017",31,2017,0,0,0,0
"Enugu","06/08/2017",31,2017,0,0,0,0
"FCT","06/08/2017",31,2017,0,0,0,0
"Gombe","06/08/2017",31,2017,0,0,0,0
"Imo","06/08/2017",31,2017,0,0,0,0
"Jigawa","06/08/2017",31,2017,0,0,0,0
"Kaduna","06/08/2017",31,2017,0,0,0,0
"Kano","06/08/2017",31,2017,0,0,0,0
"Katsina","06/08/2017",31,2017,0,0,0,0
"Kebbi","06/08/2017",31,2017,0,0,0,0
"Kogi","06/08/2017",31,2017,0,0,0,0
"Kwara","06/08/2017",31,2017,0,0,0,0
"Lagos","06/08/2017",31,2017,1,1,0,0
"Nasarawa","06/08/2017",31,2017,0,0,0,0
"Niger","06/08/2017",31,2017,0,0,0,0
"Ogun","06/08/2017",31,2017,0,0,0,0
"Ondo","06/08/2017",31,2017,1,1,0,0
"Osun","06/08/2017",31,2017,0,0,0,0
"Oyo","06/08/2017",31,2017,0,0,0,0
"Plateau","06/08/2017",31,2017,2,0,0,2
"Rivers","06/08/2017",31,2017,0,0,0,0
"Sokoto","06/08/2017",31,2017,0,0,0,0
"Taraba","06/08/2017",31,2017,0,0,0,0
"Yobe","06/08/2017",31,2017,0,0,0,0
"Zamfara","06/08/2017",31,2017,0,0,0,0
"Abia","13/08/2017",32,2017,0,0,0,0
"Adamawa","13/08/2017",32,2017,0,0,0,0
"Akwa Ibom","13/08/2017",32,2017,0,0,0,0
"Anambra","13/08/2017",32,2017,0,0,0,0
"Bauchi","13/08/2017",32,2017,0,0,0,0
"Bayelsa","13/08/2017",32,2017,0,0,0,0
"Benue","13/08/2017",32,2017,0,0,0,0
"Borno","13/08/2017",32,2017,0,0,0,0
"Cross River","13/08/2017",32,2017,0,0,0,0
"Delta","13/08/2017",32,2017,0,0,0,0
"Ebonyi","13/08/2017",32,2017,0,0,0,0
"Edo","13/08/2017",32,2017,8,2,6,0
"Ekiti","13/08/2017",32,2017,0,0,0,0
"Enugu","13/08/2017",32,2017,0,0,0,0
"FCT","13/08/2017",32,2017,0,0,0,0
"Gombe","13/08/2017",32,2017,0,0,0,0
"Imo","13/08/2017",32,2017,0,0,0,0
"Jigawa","13/08/2017",32,2017,0,0,0,0
"Kaduna","13/08/2017",32,2017,0,0,0,0
"Kano","13/08/2017",32,2017,0,0,0,0
"Katsina","13/08/2017",32,2017,0,0,0,0
"Kebbi","13/08/2017",32,2017,0,0,0,0
"Kogi","13/08/2017",32,2017,0,0,0,0
"Kwara","13/08/2017",32,2017,5,0,0,5
"Lagos","13/08/2017",32,2017,0,0,0,0
"Nasarawa","13/08/2017",32,2017,0,0,0,0
"Niger","13/08/2017",32,2017,0,0,0,0
"Ogun","13/08/2017",32,2017,1,1,0,0
"Ondo","13/08/2017",32,2017,1,1,0,0
"Osun","13/08/2017",32,2017,0,0,0,0
"Oyo","13/08/2017",32,2017,1,0,1,0
"Plateau","13/08/2017",32,2017,1,0,1,0
"Rivers","13/08/2017",32,2017,0,0,0,0
"Sokoto","13/08/2017",32,2017,0,0,0,0
"Taraba","13/08/2017",32,2017,0,0,0,0
"Yobe","13/08/2017",32,2017,2,0,2,0
"Zamfara","13/08/2017",32,2017,0,0,0,0
"Abia","20/08/2017",33,2017,0,0,0,0
"Adamawa","20/08/2017",33,2017,0,0,0,0
"Akwa Ibom","20/08/2017",33,2017,0,0,0,0
"Anambra","20/08/2017",33,2017,1,0,0,1
"Bauchi","20/08/2017",33,2017,0,0,0,0
"Bayelsa","20/08/2017",33,2017,0,0,0,0
"Benue","20/08/2017",33,2017,0,0,0,0
"Borno","20/08/2017",33,2017,0,0,0,0
"Cross River","20/08/2017",33,2017,0,0,0,0
"Delta","20/08/2017",33,2017,0,0,0,0
"Ebonyi","20/08/2017",33,2017,0,0,0,0
"Edo","20/08/2017",33,2017,3,3,0,0
"Ekiti","20/08/2017",33,2017,0,0,0,0
"Enugu","20/08/2017",33,2017,0,0,0,0
"FCT","20/08/2017",33,2017,0,0,0,0
"Gombe","20/08/2017",33,2017,0,0,0,0
"Imo","20/08/2017",33,2017,0,0,0,0
"Jigawa","20/08/2017",33,2017,0,0,0,0
"Kaduna","20/08/2017",33,2017,0,0,0,0
"Kano","20/08/2017",33,2017,0,0,0,0
"Katsina","20/08/2017",33,2017,0,0,0,0
"Kebbi","20/08/2017",33,2017,0,0,0,0
"Kogi","20/08/2017",33,2017,0,0,0,0
"Kwara","20/08/2017",33,2017,24,0,0,24
"Lagos","20/08/2017",33,2017,0,0,0,0
"Nasarawa","20/08/2017",33,2017,1,0,0,1
"Niger","20/08/2017",33,2017,0,0,0,0
"Ogun","20/08/2017",33,2017,5,2,3,0
"Ondo","20/08/2017",33,2017,2,1,1,0
"Osun","20/08/2017",33,2017,0,0,0,0
"Oyo","20/08/2017",33,2017,0,0,0,0
"Plateau","20/08/2017",33,2017,1,0,0,1
"Rivers","20/08/2017",33,2017,0,0,0,0
"Sokoto","20/08/2017",33,2017,0,0,0,0
"Taraba","20/08/2017",33,2017,2,0,0,2
"Yobe","20/08/2017",33,2017,0,0,0,0
"Zamfara","20/08/2017",33,2017,0,0,0,0
"Abia","27/08/2017",34,2017,0,0,0,0
"Adamawa","27/08/2017",34,2017,0,0,0,0
"Akwa Ibom","27/08/2017",34,2017,0,0,0,0
"Anambra","27/08/2017",34,2017,0,0,0,0
"Bauchi","27/08/2017",34,2017,0,0,0,0
"Bayelsa","27/08/2017",34,2017,0,0,0,0
"Benue","27/08/2017",34,2017,0,0,0,0
"Borno","27/08/2017",34,2017,0,0,0,0
"Cross River","27/08/2017",34,2017,1,0,1,0
"Delta","27/08/2017",34,2017,0,0,0,0
"Ebonyi","27/08/2017",34,2017,0,0,0,0
"Edo","27/08/2017",34,2017,34,2,32,0
"Ekiti","27/08/2017",34,2017,0,0,0,0
"Enugu","27/08/2017",34,2017,0,0,0,0
"FCT","27/08/2017",34,2017,0,0,0,0
"Gombe","27/08/2017",34,2017,0,0,0,0
"Imo","27/08/2017",34,2017,0,0,0,0
"Jigawa","27/08/2017",34,2017,0,0,0,0
"Kaduna","27/08/2017",34,2017,0,0,0,0
"Kano","27/08/2017",34,2017,0,0,0,0
"Katsina","27/08/2017",34,2017,0,0,0,0
"Kebbi","27/08/2017",34,2017,0,0,0,0
"Kogi","27/08/2017",34,2017,0,0,0,0
"Kwara","27/08/2017",34,2017,15,0,15,0
"Lagos","27/08/2017",34,2017,0,0,0,0
"Nasarawa","27/08/2017",34,2017,0,0,0,0
"Niger","27/08/2017",34,2017,0,0,0,0
"Ogun","27/08/2017",34,2017,0,0,0,0
"Ondo","27/08/2017",34,2017,3,3,0,0
"Osun","27/08/2017",34,2017,0,0,0,0
"Oyo","27/08/2017",34,2017,0,0,0,0
"Plateau","27/08/2017",34,2017,1,0,1,0
"Rivers","27/08/2017",34,2017,0,0,0,0
"Sokoto","27/08/2017",34,2017,0,0,0,0
"Taraba","27/08/2017",34,2017,0,0,0,0
"Yobe","27/08/2017",34,2017,0,0,0,0
"Zamfara","27/08/2017",34,2017,0,0,0,0
"Abia","03/09/2017",35,2017,0,0,0,0
"Adamawa","03/09/2017",35,2017,0,0,0,0
"Akwa Ibom","03/09/2017",35,2017,0,0,0,0
"Anambra","03/09/2017",35,2017,0,0,0,0
"Bauchi","03/09/2017",35,2017,0,0,0,0
"Bayelsa","03/09/2017",35,2017,0,0,0,0
"Benue","03/09/2017",35,2017,0,0,0,0
"Borno","03/09/2017",35,2017,0,0,0,0
"Cross River","03/09/2017",35,2017,0,0,0,0
"Delta","03/09/2017",35,2017,0,0,0,0
"Ebonyi","03/09/2017",35,2017,0,0,0,0
"Edo","03/09/2017",35,2017,8,0,8,0
"Ekiti","03/09/2017",35,2017,0,0,0,0
"Enugu","03/09/2017",35,2017,0,0,0,0
"FCT","03/09/2017",35,2017,1,0,1,0
"Gombe","03/09/2017",35,2017,0,0,0,0
"Imo","03/09/2017",35,2017,0,0,0,0
"Jigawa","03/09/2017",35,2017,0,0,0,0
"Kaduna","03/09/2017",35,2017,0,0,0,0
"Kano","03/09/2017",35,2017,0,0,0,0
"Katsina","03/09/2017",35,2017,0,0,0,0
"Kebbi","03/09/2017",35,2017,0,0,0,0
"Kogi","03/09/2017",35,2017,1,1,0,0
"Kwara","03/09/2017",35,2017,0,0,0,0
"Lagos","03/09/2017",35,2017,0,0,0,0
"Nasarawa","03/09/2017",35,2017,1,0,1,0
"Niger","03/09/2017",35,2017,0,0,0,0
"Ogun","03/09/2017",35,2017,1,0,1,0
"Ondo","03/09/2017",35,2017,1,1,0,0
"Osun","03/09/2017",35,2017,0,0,0,0
"Oyo","03/09/2017",35,2017,0,0,0,0
"Plateau","03/09/2017",35,2017,3,0,3,0
"Rivers","03/09/2017",35,2017,0,0,0,0
"Sokoto","03/09/2017",35,2017,0,0,0,0
"Taraba","03/09/2017",35,2017,0,0,0,0
"Yobe","03/09/2017",35,2017,0,0,0,0
"Zamfara","03/09/2017",35,2017,0,0,0,0
"Abia","10/09/2017",36,2017,0,0,0,0
"Adamawa","10/09/2017",36,2017,0,0,0,0
"Akwa Ibom","10/09/2017",36,2017,0,0,0,0
"Anambra","10/09/2017",36,2017,0,0,0,0
"Bauchi","10/09/2017",36,2017,0,0,0,0
"Bayelsa","10/09/2017",36,2017,0,0,0,0
"Benue","10/09/2017",36,2017,0,0,0,0
"Borno","10/09/2017",36,2017,0,0,0,0
"Cross River","10/09/2017",36,2017,0,0,0,0
"Delta","10/09/2017",36,2017,0,0,0,0
"Ebonyi","10/09/2017",36,2017,0,0,0,0
"Edo","10/09/2017",36,2017,4,0,4,0
"Ekiti","10/09/2017",36,2017,0,0,0,0
"Enugu","10/09/2017",36,2017,0,0,0,0
"FCT","10/09/2017",36,2017,2,0,2,0
"Gombe","10/09/2017",36,2017,1,0,1,0
"Imo","10/09/2017",36,2017,0,0,0,0
"Jigawa","10/09/2017",36,2017,0,0,0,0
"Kaduna","10/09/2017",36,2017,0,0,0,0
"Kano","10/09/2017",36,2017,0,0,0,0
"Katsina","10/09/2017",36,2017,0,0,0,0
"Kebbi","10/09/2017",36,2017,0,0,0,0
"Kogi","10/09/2017",36,2017,1,0,1,0
"Kwara","10/09/2017",36,2017,0,0,0,0
"Lagos","10/09/2017",36,2017,0,0,0,0
"Nasarawa","10/09/2017",36,2017,0,0,0,0
"Niger","10/09/2017",36,2017,0,0,0,0
"Ogun","10/09/2017",36,2017,1,0,1,0
"Ondo","10/09/2017",36,2017,12,3,9,0
"Osun","10/09/2017",36,2017,0,0,0,0
"Oyo","10/09/2017",36,2017,0,0,0,0
"Plateau","10/09/2017",36,2017,0,0,0,0
"Rivers","10/09/2017",36,2017,0,0,0,0
"Sokoto","10/09/2017",36,2017,0,0,0,0
"Taraba","10/09/2017",36,2017,0,0,0,0
"Yobe","10/09/2017",36,2017,0,0,0,0
"Zamfara","10/09/2017",36,2017,0,0,0,0
"Abia","17/09/2017",37,2017,0,0,0,0
"Adamawa","17/09/2017",37,2017,0,0,0,0
"Akwa Ibom","17/09/2017",37,2017,0,0,0,0
"Anambra","17/09/2017",37,2017,0,0,0,0
"Bauchi","17/09/2017",37,2017,1,0,1,0
"Bayelsa","17/09/2017",37,2017,0,0,0,0
"Benue","17/09/2017",37,2017,0,0,0,0
"Borno","17/09/2017",37,2017,0,0,0,0
"Cross River","17/09/2017",37,2017,0,0,0,0
"Delta","17/09/2017",37,2017,0,0,0,0
"Ebonyi","17/09/2017",37,2017,0,0,0,0
"Edo","17/09/2017",37,2017,3,3,0,0
"Ekiti","17/09/2017",37,2017,0,0,0,0
"Enugu","17/09/2017",37,2017,0,0,0,0
"FCT","17/09/2017",37,2017,0,0,0,0
"Gombe","17/09/2017",37,2017,2,0,2,0
"Imo","17/09/2017",37,2017,0,0,0,0
"Jigawa","17/09/2017",37,2017,0,0,0,0
"Kaduna","17/09/2017",37,2017,0,0,0,0
"Kano","17/09/2017",37,2017,0,0,0,0
"Katsina","17/09/2017",37,2017,0,0,0,0
"Kebbi","17/09/2017",37,2017,0,0,0,0
"Kogi","17/09/2017",37,2017,0,0,0,0
"Kwara","17/09/2017",37,2017,2,0,2,0
"Lagos","17/09/2017",37,2017,0,0,0,0
"Nasarawa","17/09/2017",37,2017,0,0,0,0
"Niger","17/09/2017",37,2017,0,0,0,0
"Ogun","17/09/2017",37,2017,0,0,0,0
"Ondo","17/09/2017",37,2017,0,0,0,0
"Osun","17/09/2017",37,2017,0,0,0,0
"Oyo","17/09/2017",37,2017,0,0,0,0
"Plateau","17/09/2017",37,2017,0,0,0,0
"Rivers","17/09/2017",37,2017,0,0,0,0
"Sokoto","17/09/2017",37,2017,0,0,0,0
"Taraba","17/09/2017",37,2017,0,0,0,0
"Yobe","17/09/2017",37,2017,0,0,0,0
"Zamfara","17/09/2017",37,2017,0,0,0,0
"Abia","24/09/2017",38,2017,0,0,0,0
"Adamawa","24/09/2017",38,2017,0,0,0,0
"Akwa Ibom","24/09/2017",38,2017,0,0,0,0
"Anambra","24/09/2017",38,2017,0,0,0,0
"Bauchi","24/09/2017",38,2017,0,0,0,0
"Bayelsa","24/09/2017",38,2017,0,0,0,0
"Benue","24/09/2017",38,2017,0,0,0,0
"Borno","24/09/2017",38,2017,0,0,0,0
"Cross River","24/09/2017",38,2017,0,0,0,0
"Delta","24/09/2017",38,2017,0,0,0,0
"Ebonyi","24/09/2017",38,2017,0,0,0,0
"Edo","24/09/2017",38,2017,0,0,0,0
"Ekiti","24/09/2017",38,2017,0,0,0,0
"Enugu","24/09/2017",38,2017,0,0,0,0
"FCT","24/09/2017",38,2017,0,0,0,0
"Gombe","24/09/2017",38,2017,2,0,2,0
"Imo","24/09/2017",38,2017,0,0,0,0
"Jigawa","24/09/2017",38,2017,0,0,0,0
"Kaduna","24/09/2017",38,2017,1,0,1,0
"Kano","24/09/2017",38,2017,0,0,0,0
"Katsina","24/09/2017",38,2017,0,0,0,0
"Kebbi","24/09/2017",38,2017,0,0,0,0
"Kogi","24/09/2017",38,2017,0,0,0,0
"Kwara","24/09/2017",38,2017,12,0,0,12
"Lagos","24/09/2017",38,2017,0,0,0,0
"Nasarawa","24/09/2017",38,2017,0,0,0,0
"Niger","24/09/2017",38,2017,0,0,0,0
"Ogun","24/09/2017",38,2017,0,0,0,0
"Ondo","24/09/2017",38,2017,0,0,0,0
"Osun","24/09/2017",38,2017,0,0,0,0
"Oyo","24/09/2017",38,2017,0,0,0,0
"Plateau","24/09/2017",38,2017,0,0,0,0
"Rivers","24/09/2017",38,2017,0,0,0,0
"Sokoto","24/09/2017",38,2017,0,0,0,0
"Taraba","24/09/2017",38,2017,0,0,0,0
"Yobe","24/09/2017",38,2017,0,0,0,0
"Zamfara","24/09/2017",38,2017,0,0,0,0
"Abia","01/10/2017",39,2017,0,0,0,0
"Adamawa","01/10/2017",39,2017,0,0,0,0
"Akwa Ibom","01/10/2017",39,2017,0,0,0,0
"Anambra","01/10/2017",39,2017,0,0,0,0
"Bauchi","01/10/2017",39,2017,0,0,0,0
"Bayelsa","01/10/2017",39,2017,0,0,0,0
"Benue","01/10/2017",39,2017,0,0,0,0
"Borno","01/10/2017",39,2017,0,0,0,0
"Cross River","01/10/2017",39,2017,0,0,0,0
"Delta","01/10/2017",39,2017,0,0,0,0
"Ebonyi","01/10/2017",39,2017,0,0,0,0
"Edo","01/10/2017",39,2017,0,0,0,0
"Ekiti","01/10/2017",39,2017,0,0,0,0
"Enugu","01/10/2017",39,2017,0,0,0,0
"FCT","01/10/2017",39,2017,0,0,0,0
"Gombe","01/10/2017",39,2017,0,0,0,0
"Imo","01/10/2017",39,2017,0,0,0,0
"Jigawa","01/10/2017",39,2017,0,0,0,0
"Kaduna","01/10/2017",39,2017,0,0,0,0
"Kano","01/10/2017",39,2017,0,0,0,0
"Katsina","01/10/2017",39,2017,0,0,0,0
"Kebbi","01/10/2017",39,2017,0,0,0,0
"Kogi","01/10/2017",39,2017,0,0,0,0
"Kwara","01/10/2017",39,2017,0,0,0,0
"Lagos","01/10/2017",39,2017,1,1,0,0
"Nasarawa","01/10/2017",39,2017,0,0,0,0
"Niger","01/10/2017",39,2017,0,0,0,0
"Ogun","01/10/2017",39,2017,0,0,0,0
"Ondo","01/10/2017",39,2017,0,0,0,0
"Osun","01/10/2017",39,2017,0,0,0,0
"Oyo","01/10/2017",39,2017,0,0,0,0
"Plateau","01/10/2017",39,2017,0,0,0,0
"Rivers","01/10/2017",39,2017,0,0,0,0
"Sokoto","01/10/2017",39,2017,0,0,0,0
"Taraba","01/10/2017",39,2017,0,0,0,0
"Yobe","01/10/2017",39,2017,0,0,0,0
"Zamfara","01/10/2017",39,2017,0,0,0,0
"Abia","08/10/2017",40,2017,0,0,0,0
"Adamawa","08/10/2017",40,2017,0,0,0,0
"Akwa Ibom","08/10/2017",40,2017,0,0,0,0
"Anambra","08/10/2017",40,2017,0,0,0,0
"Bauchi","08/10/2017",40,2017,1,0,1,0
"Bayelsa","08/10/2017",40,2017,0,0,0,0
"Benue","08/10/2017",40,2017,2,0,2,0
"Borno","08/10/2017",40,2017,0,0,0,0
"Cross River","08/10/2017",40,2017,0,0,0,0
"Delta","08/10/2017",40,2017,0,0,0,0
"Ebonyi","08/10/2017",40,2017,0,0,0,0
"Edo","08/10/2017",40,2017,0,0,0,0
"Ekiti","08/10/2017",40,2017,0,0,0,0
"Enugu","08/10/2017",40,2017,0,0,0,0
"FCT","08/10/2017",40,2017,1,0,1,0
"Gombe","08/10/2017",40,2017,0,0,0,0
"Imo","08/10/2017",40,2017,0,0,0,0
"Jigawa","08/10/2017",40,2017,0,0,0,0
"Kaduna","08/10/2017",40,2017,0,0,0,0
"Kano","08/10/2017",40,2017,0,0,0,0
"Katsina","08/10/2017",40,2017,2,0,2,0
"Kebbi","08/10/2017",40,2017,0,0,0,0
"Kogi","08/10/2017",40,2017,1,0,1,0
"Kwara","08/10/2017",40,2017,2,0,2,0
"Lagos","08/10/2017",40,2017,0,0,0,0
"Nasarawa","08/10/2017",40,2017,0,0,0,0
"Niger","08/10/2017",40,2017,0,0,0,0
"Ogun","08/10/2017",40,2017,1,0,1,0
"Ondo","08/10/2017",40,2017,0,0,0,0
"Osun","08/10/2017",40,2017,0,0,0,0
"Oyo","08/10/2017",40,2017,0,0,0,0
"Plateau","08/10/2017",40,2017,1,1,0,0
"Rivers","08/10/2017",40,2017,0,0,0,0
"Sokoto","08/10/2017",40,2017,0,0,0,0
"Taraba","08/10/2017",40,2017,0,0,0,0
"Yobe","08/10/2017",40,2017,0,0,0,0
"Zamfara","08/10/2017",40,2017,0,0,0,0
"Abia","15/10/2017",41,2017,0,0,0,0
"Adamawa","15/10/2017",41,2017,0,0,0,0
"Akwa Ibom","15/10/2017",41,2017,0,0,0,0
"Anambra","15/10/2017",41,2017,0,0,0,0
"Bauchi","15/10/2017",41,2017,1,1,0,0
"Bayelsa","15/10/2017",41,2017,0,0,0,0
"Benue","15/10/2017",41,2017,0,0,0,0
"Borno","15/10/2017",41,2017,0,0,0,0
"Cross River","15/10/2017",41,2017,0,0,0,0
"Delta","15/10/2017",41,2017,0,0,0,0
"Ebonyi","15/10/2017",41,2017,0,0,0,0
"Edo","15/10/2017",41,2017,3,0,3,0
"Ekiti","15/10/2017",41,2017,0,0,0,0
"Enugu","15/10/2017",41,2017,0,0,0,0
"FCT","15/10/2017",41,2017,0,0,0,0
"Gombe","15/10/2017",41,2017,0,0,0,0
"Imo","15/10/2017",41,2017,0,0,0,0
"Jigawa","15/10/2017",41,2017,0,0,0,0
"Kaduna","15/10/2017",41,2017,0,0,0,0
"Kano","15/10/2017",41,2017,0,0,0,0
"Katsina","15/10/2017",41,2017,0,0,0,0
"Kebbi","15/10/2017",41,2017,0,0,0,0
"Kogi","15/10/2017",41,2017,1,0,1,0
"Kwara","15/10/2017",41,2017,0,0,0,0
"Lagos","15/10/2017",41,2017,0,0,0,0
"Nasarawa","15/10/2017",41,2017,0,0,0,0
"Niger","15/10/2017",41,2017,0,0,0,0
"Ogun","15/10/2017",41,2017,1,0,1,0
"Ondo","15/10/2017",41,2017,0,0,0,0
"Osun","15/10/2017",41,2017,0,0,0,0
"Oyo","15/10/2017",41,2017,1,0,1,0
"Plateau","15/10/2017",41,2017,4,0,4,0
"Rivers","15/10/2017",41,2017,0,0,0,0
"Sokoto","15/10/2017",41,2017,0,0,0,0
"Taraba","15/10/2017",41,2017,0,0,0,0
"Yobe","15/10/2017",41,2017,0,0,0,0
"Zamfara","15/10/2017",41,2017,0,0,0,0
"Abia","22/10/2017",42,2017,0,0,0,0
"Adamawa","22/10/2017",42,2017,0,0,0,0
"Akwa Ibom","22/10/2017",42,2017,0,0,0,0
"Anambra","22/10/2017",42,2017,0,0,0,0
"Bauchi","22/10/2017",42,2017,1,1,0,0
"Bayelsa","22/10/2017",42,2017,0,0,0,0
"Benue","22/10/2017",42,2017,0,0,0,0
"Borno","22/10/2017",42,2017,1,0,1,0
"Cross River","22/10/2017",42,2017,0,0,0,0
"Delta","22/10/2017",42,2017,0,0,0,0
"Ebonyi","22/10/2017",42,2017,0,0,0,0
"Edo","22/10/2017",42,2017,4,1,3,0
"Ekiti","22/10/2017",42,2017,0,0,0,0
"Enugu","22/10/2017",42,2017,0,0,0,0
"FCT","22/10/2017",42,2017,2,0,2,0
"Gombe","22/10/2017",42,2017,0,0,0,0
"Imo","22/10/2017",42,2017,0,0,0,0
"Jigawa","22/10/2017",42,2017,0,0,0,0
"Kaduna","22/10/2017",42,2017,0,0,0,0
"Kano","22/10/2017",42,2017,0,0,0,0
"Katsina","22/10/2017",42,2017,0,0,0,0
"Kebbi","22/10/2017",42,2017,0,0,0,0
"Kogi","22/10/2017",42,2017,2,0,2,0
"Kwara","22/10/2017",42,2017,11,0,4,7
"Lagos","22/10/2017",42,2017,0,0,0,0
"Nasarawa","22/10/2017",42,2017,0,0,0,0
"Niger","22/10/2017",42,2017,0,0,0,0
"Ogun","22/10/2017",42,2017,0,0,0,0
"Ondo","22/10/2017",42,2017,0,0,0,0
"Osun","22/10/2017",42,2017,0,0,0,0
"Oyo","22/10/2017",42,2017,0,0,0,0
"Plateau","22/10/2017",42,2017,0,0,0,0
"Rivers","22/10/2017",42,2017,0,0,0,0
"Sokoto","22/10/2017",42,2017,0,0,0,0
"Taraba","22/10/2017",42,2017,0,0,0,0
"Yobe","22/10/2017",42,2017,0,0,0,0
"Zamfara","22/10/2017",42,2017,0,0,0,0
"Abia","29/10/2017",43,2017,0,0,0,0
"Adamawa","29/10/2017",43,2017,0,0,0,0
"Akwa Ibom","29/10/2017",43,2017,0,0,0,0
"Anambra","29/10/2017",43,2017,0,0,0,0
"Bauchi","29/10/2017",43,2017,3,1,2,0
"Bayelsa","29/10/2017",43,2017,0,0,0,0
"Benue","29/10/2017",43,2017,0,0,0,0
"Borno","29/10/2017",43,2017,0,0,0,0
"Cross River","29/10/2017",43,2017,0,0,0,0
"Delta","29/10/2017",43,2017,0,0,0,0
"Ebonyi","29/10/2017",43,2017,0,0,0,0
"Edo","29/10/2017",43,2017,3,0,3,0
"Ekiti","29/10/2017",43,2017,0,0,0,0
"Enugu","29/10/2017",43,2017,0,0,0,0
"FCT","29/10/2017",43,2017,0,0,0,0
"Gombe","29/10/2017",43,2017,0,0,0,0
"Imo","29/10/2017",43,2017,0,0,0,0
"Jigawa","29/10/2017",43,2017,0,0,0,0
"Kaduna","29/10/2017",43,2017,0,0,0,0
"Kano","29/10/2017",43,2017,0,0,0,0
"Katsina","29/10/2017",43,2017,0,0,0,0
"Kebbi","29/10/2017",43,2017,0,0,0,0
"Kogi","29/10/2017",43,2017,1,0,1,0
"Kwara","29/10/2017",43,2017,0,0,0,0
"Lagos","29/10/2017",43,2017,0,0,0,0
"Nasarawa","29/10/2017",43,2017,0,0,0,0
"Niger","29/10/2017",43,2017,0,0,0,0
"Ogun","29/10/2017",43,2017,0,0,0,0
"Ondo","29/10/2017",43,2017,1,0,1,0
"Osun","29/10/2017",43,2017,0,0,0,0
"Oyo","29/10/2017",43,2017,0,0,0,0
"Plateau","29/10/2017",43,2017,0,0,0,0
"Rivers","29/10/2017",43,2017,0,0,0,0
"Sokoto","29/10/2017",43,2017,0,0,0,0
"Taraba","29/10/2017",43,2017,0,0,0,0
"Yobe","29/10/2017",43,2017,0,0,0,0
"Zamfara","29/10/2017",43,2017,0,0,0,0
"Abia","05/11/2017",44,2017,0,0,0,0
"Adamawa","05/11/2017",44,2017,0,0,0,0
"Akwa Ibom","05/11/2017",44,2017,0,0,0,0
"Anambra","05/11/2017",44,2017,0,0,0,0
"Bauchi","05/11/2017",44,2017,2,0,2,0
"Bayelsa","05/11/2017",44,2017,0,0,0,0
"Benue","05/11/2017",44,2017,0,0,0,0
"Borno","05/11/2017",44,2017,0,0,0,0
"Cross River","05/11/2017",44,2017,0,0,0,0
"Delta","05/11/2017",44,2017,0,0,0,0
"Ebonyi","05/11/2017",44,2017,0,0,0,0
"Edo","05/11/2017",44,2017,0,0,0,0
"Ekiti","05/11/2017",44,2017,0,0,0,0
"Enugu","05/11/2017",44,2017,0,0,0,0
"FCT","05/11/2017",44,2017,0,0,0,0
"Gombe","05/11/2017",44,2017,0,0,0,0
"Imo","05/11/2017",44,2017,0,0,0,0
"Jigawa","05/11/2017",44,2017,0,0,0,0
"Kaduna","05/11/2017",44,2017,0,0,0,0
"Kano","05/11/2017",44,2017,0,0,0,0
"Katsina","05/11/2017",44,2017,0,0,0,0
"Kebbi","05/11/2017",44,2017,0,0,0,0
"Kogi","05/11/2017",44,2017,0,0,0,0
"Kwara","05/11/2017",44,2017,0,0,0,0
"Lagos","05/11/2017",44,2017,0,0,0,0
"Nasarawa","05/11/2017",44,2017,0,0,0,0
"Niger","05/11/2017",44,2017,0,0,0,0
"Ogun","05/11/2017",44,2017,0,0,0,0
"Ondo","05/11/2017",44,2017,2,1,1,0
"Osun","05/11/2017",44,2017,0,0,0,0
"Oyo","05/11/2017",44,2017,0,0,0,0
"Plateau","05/11/2017",44,2017,0,0,0,0
"Rivers","05/11/2017",44,2017,0,0,0,0
"Sokoto","05/11/2017",44,2017,0,0,0,0
"Taraba","05/11/2017",44,2017,0,0,0,0
"Yobe","05/11/2017",44,2017,0,0,0,0
"Zamfara","05/11/2017",44,2017,0,0,0,0
"Abia","12/11/2017",45,2017,0,0,0,0
"Adamawa","12/11/2017",45,2017,0,0,0,0
"Akwa Ibom","12/11/2017",45,2017,0,0,0,0
"Anambra","12/11/2017",45,2017,0,0,0,0
"Bauchi","12/11/2017",45,2017,1,1,0,0
"Bayelsa","12/11/2017",45,2017,0,0,0,0
"Benue","12/11/2017",45,2017,0,0,0,0
"Borno","12/11/2017",45,2017,0,0,0,0
"Cross River","12/11/2017",45,2017,0,0,0,0
"Delta","12/11/2017",45,2017,0,0,0,0
"Ebonyi","12/11/2017",45,2017,0,0,0,0
"Edo","12/11/2017",45,2017,0,0,0,0
"Ekiti","12/11/2017",45,2017,0,0,0,0
"Enugu","12/11/2017",45,2017,0,0,0,0
"FCT","12/11/2017",45,2017,0,0,0,0
"Gombe","12/11/2017",45,2017,0,0,0,0
"Imo","12/11/2017",45,2017,0,0,0,0
"Jigawa","12/11/2017",45,2017,0,0,0,0
"Kaduna","12/11/2017",45,2017,0,0,0,0
"Kano","12/11/2017",45,2017,0,0,0,0
"Katsina","12/11/2017",45,2017,0,0,0,0
"Kebbi","12/11/2017",45,2017,0,0,0,0
"Kogi","12/11/2017",45,2017,0,0,0,0
"Kwara","12/11/2017",45,2017,0,0,0,0
"Lagos","12/11/2017",45,2017,0,0,0,0
"Nasarawa","12/11/2017",45,2017,0,0,0,0
"Niger","12/11/2017",45,2017,0,0,0,0
"Ogun","12/11/2017",45,2017,0,0,0,0
"Ondo","12/11/2017",45,2017,0,0,0,0
"Osun","12/11/2017",45,2017,0,0,0,0
"Oyo","12/11/2017",45,2017,1,0,0,1
"Plateau","12/11/2017",45,2017,0,0,0,0
"Rivers","12/11/2017",45,2017,0,0,0,0
"Sokoto","12/11/2017",45,2017,0,0,0,0
"Taraba","12/11/2017",45,2017,0,0,0,0
"Yobe","12/11/2017",45,2017,0,0,0,0
"Zamfara","12/11/2017",45,2017,0,0,0,0
"Abia","19/11/2017",46,2017,0,0,0,0
"Adamawa","19/11/2017",46,2017,0,0,0,0
"Akwa Ibom","19/11/2017",46,2017,0,0,0,0
"Anambra","19/11/2017",46,2017,0,0,0,0
"Bauchi","19/11/2017",46,2017,2,1,1,0
"Bayelsa","19/11/2017",46,2017,0,0,0,0
"Benue","19/11/2017",46,2017,0,0,0,0
"Borno","19/11/2017",46,2017,0,0,0,0
"Cross River","19/11/2017",46,2017,0,0,0,0
"Delta","19/11/2017",46,2017,0,0,0,0
"Ebonyi","19/11/2017",46,2017,0,0,0,0
"Edo","19/11/2017",46,2017,18,0,18,0
"Ekiti","19/11/2017",46,2017,0,0,0,0
"Enugu","19/11/2017",46,2017,0,0,0,0
"FCT","19/11/2017",46,2017,0,0,0,0
"Gombe","19/11/2017",46,2017,0,0,0,0
"Imo","19/11/2017",46,2017,0,0,0,0
"Jigawa","19/11/2017",46,2017,0,0,0,0
"Kaduna","19/11/2017",46,2017,1,1,0,0
"Kano","19/11/2017",46,2017,0,0,0,0
"Katsina","19/11/2017",46,2017,0,0,0,0
"Kebbi","19/11/2017",46,2017,0,0,0,0
"Kogi","19/11/2017",46,2017,0,0,0,0
"Kwara","19/11/2017",46,2017,0,0,0,0
"Lagos","19/11/2017",46,2017,0,0,0,0
"Nasarawa","19/11/2017",46,2017,0,0,0,0
"Niger","19/11/2017",46,2017,0,0,0,0
"Ogun","19/11/2017",46,2017,0,0,0,0
"Ondo","19/11/2017",46,2017,0,0,0,0
"Osun","19/11/2017",46,2017,0,0,0,0
"Oyo","19/11/2017",46,2017,1,0,1,0
"Plateau","19/11/2017",46,2017,2,1,0,1
"Rivers","19/11/2017",46,2017,0,0,0,0
"Sokoto","19/11/2017",46,2017,0,0,0,0
"Taraba","19/11/2017",46,2017,0,0,0,0
"Yobe","19/11/2017",46,2017,0,0,0,0
"Zamfara","19/11/2017",46,2017,0,0,0,0
"Abia","26/11/2017",47,2017,0,0,0,0
"Adamawa","26/11/2017",47,2017,0,0,0,0
"Akwa Ibom","26/11/2017",47,2017,0,0,0,0
"Anambra","26/11/2017",47,2017,0,0,0,0
"Bauchi","26/11/2017",47,2017,0,0,0,0
"Bayelsa","26/11/2017",47,2017,0,0,0,0
"Benue","26/11/2017",47,2017,0,0,0,0
"Borno","26/11/2017",47,2017,0,0,0,0
"Cross River","26/11/2017",47,2017,0,0,0,0
"Delta","26/11/2017",47,2017,0,0,0,0
"Ebonyi","26/11/2017",47,2017,0,0,0,0
"Edo","26/11/2017",47,2017,23,3,20,0
"Ekiti","26/11/2017",47,2017,0,0,0,0
"Enugu","26/11/2017",47,2017,0,0,0,0
"FCT","26/11/2017",47,2017,0,0,0,0
"Gombe","26/11/2017",47,2017,0,0,0,0
"Imo","26/11/2017",47,2017,0,0,0,0
"Jigawa","26/11/2017",47,2017,0,0,0,0
"Kaduna","26/11/2017",47,2017,0,0,0,0
"Kano","26/11/2017",47,2017,0,0,0,0
"Katsina","26/11/2017",47,2017,0,0,0,0
"Kebbi","26/11/2017",47,2017,0,0,0,0
"Kogi","26/11/2017",47,2017,0,0,0,0
"Kwara","26/11/2017",47,2017,0,0,0,0
"Lagos","26/11/2017",47,2017,0,0,0,0
"Nasarawa","26/11/2017",47,2017,1,0,1,0
"Niger","26/11/2017",47,2017,0,0,0,0
"Ogun","26/11/2017",47,2017,0,0,0,0
"Ondo","26/11/2017",47,2017,1,1,0,0
"Osun","26/11/2017",47,2017,0,0,0,0
"Oyo","26/11/2017",47,2017,0,0,0,0
"Plateau","26/11/2017",47,2017,0,0,0,0
"Rivers","26/11/2017",47,2017,0,0,0,0
"Sokoto","26/11/2017",47,2017,0,0,0,0
"Taraba","26/11/2017",47,2017,0,0,0,0
"Yobe","26/11/2017",47,2017,0,0,0,0
"Zamfara","26/11/2017",47,2017,0,0,0,0
"Abia","03/12/2017",48,2017,0,0,0,0
"Adamawa","03/12/2017",48,2017,0,0,0,0
"Akwa Ibom","03/12/2017",48,2017,0,0,0,0
"Anambra","03/12/2017",48,2017,0,0,0,0
"Bauchi","03/12/2017",48,2017,0,0,0,0
"Bayelsa","03/12/2017",48,2017,0,0,0,0
"Benue","03/12/2017",48,2017,0,0,0,0
"Borno","03/12/2017",48,2017,0,0,0,0
"Cross River","03/12/2017",48,2017,0,0,0,0
"Delta","03/12/2017",48,2017,0,0,0,0
"Ebonyi","03/12/2017",48,2017,0,0,0,0
"Edo","03/12/2017",48,2017,15,5,10,0
"Ekiti","03/12/2017",48,2017,0,0,0,0
"Enugu","03/12/2017",48,2017,0,0,0,0
"FCT","03/12/2017",48,2017,0,0,0,0
"Gombe","03/12/2017",48,2017,1,0,0,1
"Imo","03/12/2017",48,2017,0,0,0,0
"Jigawa","03/12/2017",48,2017,0,0,0,0
"Kaduna","03/12/2017",48,2017,0,0,0,0
"Kano","03/12/2017",48,2017,0,0,0,0
"Katsina","03/12/2017",48,2017,0,0,0,0
"Kebbi","03/12/2017",48,2017,0,0,0,0
"Kogi","03/12/2017",48,2017,0,0,0,0
"Kwara","03/12/2017",48,2017,0,0,0,0
"Lagos","03/12/2017",48,2017,0,0,0,0
"Nasarawa","03/12/2017",48,2017,0,0,0,0
"Niger","03/12/2017",48,2017,0,0,0,0
"Ogun","03/12/2017",48,2017,0,0,0,0
"Ondo","03/12/2017",48,2017,0,0,0,0
"Osun","03/12/2017",48,2017,0,0,0,0
"Oyo","03/12/2017",48,2017,0,0,0,0
"Plateau","03/12/2017",48,2017,0,0,0,0
"Rivers","03/12/2017",48,2017,0,0,0,0
"Sokoto","03/12/2017",48,2017,0,0,0,0
"Taraba","03/12/2017",48,2017,0,0,0,0
"Yobe","03/12/2017",48,2017,0,0,0,0
"Zamfara","03/12/2017",48,2017,0,0,0,0
"Abia","10/12/2017",49,2017,0,0,0,0
"Adamawa","10/12/2017",49,2017,0,0,0,0
"Akwa Ibom","10/12/2017",49,2017,0,0,0,0
"Anambra","10/12/2017",49,2017,0,0,0,0
"Bauchi","10/12/2017",49,2017,1,0,0,1
"Bayelsa","10/12/2017",49,2017,0,0,0,0
"Benue","10/12/2017",49,2017,0,0,0,0
"Borno","10/12/2017",49,2017,0,0,0,0
"Cross River","10/12/2017",49,2017,0,0,0,0
"Delta","10/12/2017",49,2017,0,0,0,0
"Ebonyi","10/12/2017",49,2017,0,0,0,0
"Edo","10/12/2017",49,2017,15,0,15,0
"Ekiti","10/12/2017",49,2017,0,0,0,0
"Enugu","10/12/2017",49,2017,0,0,0,0
"FCT","10/12/2017",49,2017,0,0,0,0
"Gombe","10/12/2017",49,2017,0,0,0,0
"Imo","10/12/2017",49,2017,0,0,0,0
"Jigawa","10/12/2017",49,2017,0,0,0,0
"Kaduna","10/12/2017",49,2017,0,0,0,0
"Kano","10/12/2017",49,2017,0,0,0,0
"Katsina","10/12/2017",49,2017,0,0,0,0
"Kebbi","10/12/2017",49,2017,0,0,0,0
"Kogi","10/12/2017",49,2017,0,0,0,0
"Kwara","10/12/2017",49,2017,0,0,0,0
"Lagos","10/12/2017",49,2017,0,0,0,0
"Nasarawa","10/12/2017",49,2017,0,0,0,0
"Niger","10/12/2017",49,2017,0,0,0,0
"Ogun","10/12/2017",49,2017,0,0,0,0
"Ondo","10/12/2017",49,2017,1,1,0,0
"Osun","10/12/2017",49,2017,0,0,0,0
"Oyo","10/12/2017",49,2017,0,0,0,0
"Plateau","10/12/2017",49,2017,0,0,0,0
"Rivers","10/12/2017",49,2017,1,0,1,0
"Sokoto","10/12/2017",49,2017,0,0,0,0
"Taraba","10/12/2017",49,2017,0,0,0,0
"Yobe","10/12/2017",49,2017,0,0,0,0
"Zamfara","10/12/2017",49,2017,0,0,0,0
"Abia","17/12/2017",50,2017,0,0,0,0
"Adamawa","17/12/2017",50,2017,0,0,0,0
"Akwa Ibom","17/12/2017",50,2017,0,0,0,0
"Anambra","17/12/2017",50,2017,0,0,0,0
"Bauchi","17/12/2017",50,2017,0,0,0,0
"Bayelsa","17/12/2017",50,2017,0,0,0,0
"Benue","17/12/2017",50,2017,0,0,0,0
"Borno","17/12/2017",50,2017,0,0,0,0
"Cross River","17/12/2017",50,2017,0,0,0,0
"Delta","17/12/2017",50,2017,0,0,0,0
"Ebonyi","17/12/2017",50,2017,0,0,0,0
"Edo","17/12/2017",50,2017,1,1,0,0
"Ekiti","17/12/2017",50,2017,0,0,0,0
"Enugu","17/12/2017",50,2017,0,0,0,0
"FCT","17/12/2017",50,2017,1,0,1,0
"Gombe","17/12/2017",50,2017,0,0,0,0
"Imo","17/12/2017",50,2017,0,0,0,0
"Jigawa","17/12/2017",50,2017,0,0,0,0
"Kaduna","17/12/2017",50,2017,0,0,0,0
"Kano","17/12/2017",50,2017,0,0,0,0
"Katsina","17/12/2017",50,2017,0,0,0,0
"Kebbi","17/12/2017",50,2017,0,0,0,0
"Kogi","17/12/2017",50,2017,0,0,0,0
"Kwara","17/12/2017",50,2017,0,0,0,0
"Lagos","17/12/2017",50,2017,0,0,0,0
"Nasarawa","17/12/2017",50,2017,0,0,0,0
"Niger","17/12/2017",50,2017,0,0,0,0
"Ogun","17/12/2017",50,2017,0,0,0,0
"Ondo","17/12/2017",50,2017,1,1,0,0
"Osun","17/12/2017",50,2017,3,0,3,0
"Oyo","17/12/2017",50,2017,0,0,0,0
"Plateau","17/12/2017",50,2017,0,0,0,0
"Rivers","17/12/2017",50,2017,0,0,0,0
"Sokoto","17/12/2017",50,2017,0,0,0,0
"Taraba","17/12/2017",50,2017,0,0,0,0
"Yobe","17/12/2017",50,2017,0,0,0,0
"Zamfara","17/12/2017",50,2017,0,0,0,0
"Abia","24/12/2017",51,2017,0,0,0,0
"Adamawa","24/12/2017",51,2017,0,0,0,0
"Akwa Ibom","24/12/2017",51,2017,0,0,0,0
"Anambra","24/12/2017",51,2017,0,0,0,0
"Bauchi","24/12/2017",51,2017,3,0,3,0
"Bayelsa","24/12/2017",51,2017,0,0,0,0
"Benue","24/12/2017",51,2017,0,0,0,0
"Borno","24/12/2017",51,2017,0,0,0,0
"Cross River","24/12/2017",51,2017,0,0,0,0
"Delta","24/12/2017",51,2017,0,0,0,0
"Ebonyi","24/12/2017",51,2017,0,0,0,0
"Edo","24/12/2017",51,2017,0,0,0,0
"Ekiti","24/12/2017",51,2017,0,0,0,0
"Enugu","24/12/2017",51,2017,0,0,0,0
"FCT","24/12/2017",51,2017,1,0,1,0
"Gombe","24/12/2017",51,2017,1,0,1,0
"Imo","24/12/2017",51,2017,0,0,0,0
"Jigawa","24/12/2017",51,2017,0,0,0,0
"Kaduna","24/12/2017",51,2017,0,0,0,0
"Kano","24/12/2017",51,2017,0,0,0,0
"Katsina","24/12/2017",51,2017,0,0,0,0
"Kebbi","24/12/2017",51,2017,0,0,0,0
"Kogi","24/12/2017",51,2017,1,0,1,0
"Kwara","24/12/2017",51,2017,0,0,0,0
"Lagos","24/12/2017",51,2017,1,0,1,0
"Nasarawa","24/12/2017",51,2017,0,0,0,0
"Niger","24/12/2017",51,2017,0,0,0,0
"Ogun","24/12/2017",51,2017,0,0,0,0
"Ondo","24/12/2017",51,2017,1,1,0,0
"Osun","24/12/2017",51,2017,0,0,0,0
"Oyo","24/12/2017",51,2017,0,0,0,0
"Plateau","24/12/2017",51,2017,0,0,0,0
"Rivers","24/12/2017",51,2017,0,0,0,0
"Sokoto","24/12/2017",51,2017,0,0,0,0
"Taraba","24/12/2017",51,2017,0,0,0,0
"Yobe","24/12/2017",51,2017,0,0,0,0
"Zamfara","24/12/2017",51,2017,0,0,0,0
"Abia","31/12/2017",52,2017,0,0,0,0
"Adamawa","31/12/2017",52,2017,0,0,0,0
"Akwa Ibom","31/12/2017",52,2017,0,0,0,0
"Anambra","31/12/2017",52,2017,0,0,0,0
"Bauchi","31/12/2017",52,2017,2,0,2,0
"Bayelsa","31/12/2017",52,2017,0,0,0,0
"Benue","31/12/2017",52,2017,0,0,0,0
"Borno","31/12/2017",52,2017,0,0,0,0
"Cross River","31/12/2017",52,2017,0,0,0,0
"Delta","31/12/2017",52,2017,0,0,0,0
"Ebonyi","31/12/2017",52,2017,0,0,0,0
"Edo","31/12/2017",52,2017,1,1,0,0
"Ekiti","31/12/2017",52,2017,0,0,0,0
"Enugu","31/12/2017",52,2017,0,0,0,0
"FCT","31/12/2017",52,2017,0,0,0,0
"Gombe","31/12/2017",52,2017,0,0,0,0
"Imo","31/12/2017",52,2017,0,0,0,0
"Jigawa","31/12/2017",52,2017,0,0,0,0
"Kaduna","31/12/2017",52,2017,0,0,0,0
"Kano","31/12/2017",52,2017,0,0,0,0
"Katsina","31/12/2017",52,2017,0,0,0,0
"Kebbi","31/12/2017",52,2017,0,0,0,0
"Kogi","31/12/2017",52,2017,2,0,2,0
"Kwara","31/12/2017",52,2017,0,0,0,0
"Lagos","31/12/2017",52,2017,0,0,0,0
"Nasarawa","31/12/2017",52,2017,0,0,0,0
"Niger","31/12/2017",52,2017,0,0,0,0
"Ogun","31/12/2017",52,2017,0,0,0,0
"Ondo","31/12/2017",52,2017,0,0,0,0
"Osun","31/12/2017",52,2017,0,0,0,0
"Oyo","31/12/2017",52,2017,0,0,0,0
"Plateau","31/12/2017",52,2017,0,0,0,0
"Rivers","31/12/2017",52,2017,0,0,0,0
"Sokoto","31/12/2017",52,2017,0,0,0,0
"Taraba","31/12/2017",52,2017,0,0,0,0
"Yobe","31/12/2017",52,2017,0,0,0,0
"Zamfara","31/12/2017",52,2017,0,0,0,0
"Abia","30/12/2017",52,2017,0,0,0,0
"Adamawa","30/12/2017",52,2017,0,0,0,0
"Akwa Ibom","30/12/2017",52,2017,0,0,0,0
"Anambra","30/12/2017",52,2017,0,0,0,0
"Bauchi","30/12/2017",52,2017,0,0,0,0
"Bayelsa","30/12/2017",52,2017,0,0,0,0
"Benue","30/12/2017",52,2017,0,0,0,0
"Borno","30/12/2017",52,2017,0,0,0,0
"Cross River","30/12/2017",52,2017,0,0,0,0
"Delta","30/12/2017",52,2017,0,0,0,0
"Ebonyi","30/12/2017",52,2017,0,0,0,0
"Edo","30/12/2017",52,2017,0,0,0,0
"Ekiti","30/12/2017",52,2017,0,0,0,0
"Enugu","30/12/2017",52,2017,0,0,0,0
"FCT","30/12/2017",52,2017,0,0,0,0
"Gombe","30/12/2017",52,2017,0,0,0,0
"Imo","30/12/2017",52,2017,0,0,0,0
"Jigawa","30/12/2017",52,2017,0,0,0,0
"Kaduna","30/12/2017",52,2017,0,0,0,0
"Kano","30/12/2017",52,2017,0,0,0,0
"Katsina","30/12/2017",52,2017,0,0,0,0
"Kebbi","30/12/2017",52,2017,0,0,0,0
"Kogi","30/12/2017",52,2017,0,0,0,0
"Kwara","30/12/2017",52,2017,0,0,0,0
"Lagos","30/12/2017",52,2017,0,0,0,0
"Nasarawa","30/12/2017",52,2017,0,0,0,0
"Niger","30/12/2017",52,2017,0,0,0,0
"Ogun","30/12/2017",52,2017,0,0,0,0
"Ondo","30/12/2017",52,2017,0,0,0,0
"Osun","30/12/2017",52,2017,0,0,0,0
"Oyo","30/12/2017",52,2017,0,0,0,0
"Plateau","30/12/2017",52,2017,1,1,0,0
"Rivers","30/12/2017",52,2017,0,0,0,0
"Sokoto","30/12/2017",52,2017,0,0,0,0
"Taraba","30/12/2017",52,2017,1,1,0,0
"Yobe","30/12/2017",52,2017,0,0,0,0
"Zamfara","30/12/2017",52,2017,0,0,0,0
"Abia","07/01/2018",1,2018,0,0,0,0
"Adamawa","07/01/2018",1,2018,0,0,0,0
"Akwa Ibom","07/01/2018",1,2018,0,0,0,0
"Anambra","07/01/2018",1,2018,0,0,0,0
"Bauchi","07/01/2018",1,2018,1,1,0,0
"Bayelsa","07/01/2018",1,2018,0,0,0,0
"Benue","07/01/2018",1,2018,0,0,0,0
"Borno","07/01/2018",1,2018,0,0,0,0
"Cross River","07/01/2018",1,2018,0,0,0,0
"Delta","07/01/2018",1,2018,0,0,0,0
"Ebonyi","07/01/2018",1,2018,0,0,0,0
"Edo","07/01/2018",1,2018,1,0,1,0
"Ekiti","07/01/2018",1,2018,0,0,0,0
"Enugu","07/01/2018",1,2018,0,0,0,0
"FCT","07/01/2018",1,2018,1,0,1,0
"Gombe","07/01/2018",1,2018,0,0,0,0
"Imo","07/01/2018",1,2018,0,0,0,0
"Jigawa","07/01/2018",1,2018,0,0,0,0
"Kaduna","07/01/2018",1,2018,0,0,0,0
"Kano","07/01/2018",1,2018,0,0,0,0
"Katsina","07/01/2018",1,2018,0,0,0,0
"Kebbi","07/01/2018",1,2018,0,0,0,0
"Kogi","07/01/2018",1,2018,0,0,0,0
"Kwara","07/01/2018",1,2018,0,0,0,0
"Lagos","07/01/2018",1,2018,0,0,0,0
"Nasarawa","07/01/2018",1,2018,1,0,1,0
"Niger","07/01/2018",1,2018,0,0,0,0
"Ogun","07/01/2018",1,2018,0,0,0,0
"Ondo","07/01/2018",1,2018,0,0,0,0
"Osun","07/01/2018",1,2018,0,0,0,0
"Oyo","07/01/2018",1,2018,0,0,0,0
"Plateau","07/01/2018",1,2018,0,0,0,0
"Rivers","07/01/2018",1,2018,0,0,0,0
"Sokoto","07/01/2018",1,2018,0,0,0,0
"Taraba","07/01/2018",1,2018,0,0,0,0
"Yobe","07/01/2018",1,2018,0,0,0,0
"Zamfara","07/01/2018",1,2018,0,0,0,0
"Abia","14/01/2018",2,2018,0,0,0,0
"Adamawa","14/01/2018",2,2018,0,0,0,0
"Akwa Ibom","14/01/2018",2,2018,0,0,0,0
"Anambra","14/01/2018",2,2018,1,1,0,0
"Bauchi","14/01/2018",2,2018,2,0,2,0
"Bayelsa","14/01/2018",2,2018,0,0,0,0
"Benue","14/01/2018",2,2018,0,0,0,0
"Borno","14/01/2018",2,2018,0,0,0,0
"Cross River","14/01/2018",2,2018,0,0,0,0
"Delta","14/01/2018",2,2018,0,0,0,0
"Ebonyi","14/01/2018",2,2018,7,7,0,0
"Edo","14/01/2018",2,2018,3,3,0,0
"Ekiti","14/01/2018",2,2018,0,0,0,0
"Enugu","14/01/2018",2,2018,0,0,0,0
"FCT","14/01/2018",2,2018,0,0,0,0
"Gombe","14/01/2018",2,2018,0,0,0,0
"Imo","14/01/2018",2,2018,0,0,0,0
"Jigawa","14/01/2018",2,2018,0,0,0,0
"Kaduna","14/01/2018",2,2018,0,0,0,0
"Kano","14/01/2018",2,2018,0,0,0,0
"Katsina","14/01/2018",2,2018,0,0,0,0
"Kebbi","14/01/2018",2,2018,0,0,0,0
"Kogi","14/01/2018",2,2018,0,0,0,0
"Kwara","14/01/2018",2,2018,0,0,0,0
"Lagos","14/01/2018",2,2018,0,0,0,0
"Nasarawa","14/01/2018",2,2018,1,0,1,0
"Niger","14/01/2018",2,2018,0,0,0,0
"Ogun","14/01/2018",2,2018,0,0,0,0
"Ondo","14/01/2018",2,2018,9,1,8,0
"Osun","14/01/2018",2,2018,0,0,0,0
"Oyo","14/01/2018",2,2018,0,0,0,0
"Plateau","14/01/2018",2,2018,0,0,0,0
"Rivers","14/01/2018",2,2018,0,0,0,0
"Sokoto","14/01/2018",2,2018,0,0,0,0
"Taraba","14/01/2018",2,2018,0,0,0,0
"Yobe","14/01/2018",2,2018,0,0,0,0
"Zamfara","14/01/2018",2,2018,0,0,0,0
"Abia","21/01/2018",3,2018,0,0,0,0
"Adamawa","21/01/2018",3,2018,0,0,0,0
"Akwa Ibom","21/01/2018",3,2018,0,0,0,0
"Anambra","21/01/2018",3,2018,0,0,0,0
"Bauchi","21/01/2018",3,2018,2,0,2,0
"Bayelsa","21/01/2018",3,2018,0,0,0,0
"Benue","21/01/2018",3,2018,0,0,0,0
"Borno","21/01/2018",3,2018,0,0,0,0
"Cross River","21/01/2018",3,2018,0,0,0,0
"Delta","21/01/2018",3,2018,0,0,0,0
"Ebonyi","21/01/2018",3,2018,4,4,0,0
"Edo","21/01/2018",3,2018,24,14,10,0
"Ekiti","21/01/2018",3,2018,0,0,0,0
"Enugu","21/01/2018",3,2018,0,0,0,0
"FCT","21/01/2018",3,2018,2,0,2,0
"Gombe","21/01/2018",3,2018,3,0,3,0
"Imo","21/01/2018",3,2018,0,0,0,0
"Jigawa","21/01/2018",3,2018,0,0,0,0
"Kaduna","21/01/2018",3,2018,3,0,3,0
"Kano","21/01/2018",3,2018,0,0,0,0
"Katsina","21/01/2018",3,2018,0,0,0,0
"Kebbi","21/01/2018",3,2018,0,0,0,0
"Kogi","21/01/2018",3,2018,4,2,2,0
"Kwara","21/01/2018",3,2018,0,0,0,0
"Lagos","21/01/2018",3,2018,0,0,0,0
"Nasarawa","21/01/2018",3,2018,1,0,1,0
"Niger","21/01/2018",3,2018,0,0,0,0
"Ogun","21/01/2018",3,2018,0,0,0,0
"Ondo","21/01/2018",3,2018,0,0,0,0
"Osun","21/01/2018",3,2018,1,0,1,0
"Oyo","21/01/2018",3,2018,1,0,1,0
"Plateau","21/01/2018",3,2018,2,1,1,0
"Rivers","21/01/2018",3,2018,4,0,4,0
"Sokoto","21/01/2018",3,2018,0,0,0,0
"Taraba","21/01/2018",3,2018,2,0,2,0
"Yobe","21/01/2018",3,2018,0,0,0,0
"Zamfara","21/01/2018",3,2018,0,0,0,0
"Abia","28/01/2018",4,2018,0,0,0,0
"Adamawa","28/01/2018",4,2018,0,0,0,0
"Akwa Ibom","28/01/2018",4,2018,0,0,0,0
"Anambra","28/01/2018",4,2018,0,0,0,0
"Bauchi","28/01/2018",4,2018,1,0,1,0
"Bayelsa","28/01/2018",4,2018,0,0,0,0
"Benue","28/01/2018",4,2018,0,0,0,0
"Borno","28/01/2018",4,2018,1,0,0,1
"Cross River","28/01/2018",4,2018,2,0,0,2
"Delta","28/01/2018",4,2018,0,0,0,0
"Ebonyi","28/01/2018",4,2018,12,4,0,8
"Edo","28/01/2018",4,2018,51,15,36,0
"Ekiti","28/01/2018",4,2018,2,0,2,0
"Enugu","28/01/2018",4,2018,0,0,0,0
"FCT","28/01/2018",4,2018,3,0,3,0
"Gombe","28/01/2018",4,2018,4,0,4,0
"Imo","28/01/2018",4,2018,1,0,1,0
"Jigawa","28/01/2018",4,2018,0,0,0,0
"Kaduna","28/01/2018",4,2018,2,0,2,0
"Kano","28/01/2018",4,2018,0,0,0,0
"Katsina","28/01/2018",4,2018,0,0,0,0
"Kebbi","28/01/2018",4,2018,0,0,0,0
"Kogi","28/01/2018",4,2018,4,3,1,0
"Kwara","28/01/2018",4,2018,3,0,3,0
"Lagos","28/01/2018",4,2018,0,0,0,0
"Nasarawa","28/01/2018",4,2018,1,0,1,0
"Niger","28/01/2018",4,2018,1,0,1,0
"Ogun","28/01/2018",4,2018,0,0,0,0
"Ondo","28/01/2018",4,2018,11,6,5,0
"Osun","28/01/2018",4,2018,2,0,2,0
"Oyo","28/01/2018",4,2018,0,0,0,0
"Plateau","28/01/2018",4,2018,7,1,6,0
"Rivers","28/01/2018",4,2018,4,0,4,0
"Sokoto","28/01/2018",4,2018,0,0,0,0
"Taraba","28/01/2018",4,2018,4,1,3,0
"Yobe","28/01/2018",4,2018,0,0,0,0
"Zamfara","28/01/2018",4,2018,0,0,0,0
"Abia","04/02/2018",5,2018,0,0,0,0
"Adamawa","04/02/2018",5,2018,1,0,1,0
"Akwa Ibom","04/02/2018",5,2018,0,0,0,0
"Anambra","04/02/2018",5,2018,1,0,0,1
"Bauchi","04/02/2018",5,2018,0,0,0,0
"Bayelsa","04/02/2018",5,2018,2,1,1,0
"Benue","04/02/2018",5,2018,1,0,0,1
"Borno","04/02/2018",5,2018,0,0,0,0
"Cross River","04/02/2018",5,2018,1,0,0,1
"Delta","04/02/2018",5,2018,0,0,0,0
"Ebonyi","04/02/2018",5,2018,4,4,0,0
"Edo","04/02/2018",5,2018,91,16,75,0
"Ekiti","04/02/2018",5,2018,0,0,0,0
"Enugu","04/02/2018",5,2018,0,0,0,0
"FCT","04/02/2018",5,2018,10,1,9,0
"Gombe","04/02/2018",5,2018,8,0,0,8
"Imo","04/02/2018",5,2018,0,0,0,0
"Jigawa","04/02/2018",5,2018,0,0,0,0
"Kaduna","04/02/2018",5,2018,2,0,2,0
"Kano","04/02/2018",5,2018,0,0,0,0
"Katsina","04/02/2018",5,2018,2,0,0,2
"Kebbi","04/02/2018",5,2018,0,0,0,0
"Kogi","04/02/2018",5,2018,3,1,2,0
"Kwara","04/02/2018",5,2018,1,0,1,0
"Lagos","04/02/2018",5,2018,0,0,0,0
"Nasarawa","04/02/2018",5,2018,5,0,5,0
"Niger","04/02/2018",5,2018,2,0,2,0
"Ogun","04/02/2018",5,2018,1,0,0,1
"Ondo","04/02/2018",5,2018,23,7,16,0
"Osun","04/02/2018",5,2018,1,1,0,0
"Oyo","04/02/2018",5,2018,0,0,0,0
"Plateau","04/02/2018",5,2018,2,0,0,2
"Rivers","04/02/2018",5,2018,4,0,0,4
"Sokoto","04/02/2018",5,2018,0,0,0,0
"Taraba","04/02/2018",5,2018,3,0,3,0
"Yobe","04/02/2018",5,2018,0,0,0,0
"Zamfara","04/02/2018",5,2018,0,0,0,0
"Abia","11/02/2018",6,2018,0,0,0,0
"Adamawa","11/02/2018",6,2018,0,0,0,0
"Akwa Ibom","11/02/2018",6,2018,0,0,0,0
"Anambra","11/02/2018",6,2018,0,0,0,0
"Bauchi","11/02/2018",6,2018,4,2,2,0
"Bayelsa","11/02/2018",6,2018,0,0,0,0
"Benue","11/02/2018",6,2018,0,0,0,0
"Borno","11/02/2018",6,2018,0,0,0,0
"Cross River","11/02/2018",6,2018,0,0,0,0
"Delta","11/02/2018",6,2018,0,0,0,0
"Ebonyi","11/02/2018",6,2018,20,9,11,0
"Edo","11/02/2018",6,2018,16,0,16,0
"Ekiti","11/02/2018",6,2018,0,0,0,0
"Enugu","11/02/2018",6,2018,0,0,0,0
"FCT","11/02/2018",6,2018,2,0,2,0
"Gombe","11/02/2018",6,2018,3,0,3,0
"Imo","11/02/2018",6,2018,0,0,0,0
"Jigawa","11/02/2018",6,2018,0,0,0,0
"Kaduna","11/02/2018",6,2018,3,0,3,0
"Kano","11/02/2018",6,2018,0,0,0,0
"Katsina","11/02/2018",6,2018,0,0,0,0
"Kebbi","11/02/2018",6,2018,1,0,0,1
"Kogi","11/02/2018",6,2018,4,4,0,0
"Kwara","11/02/2018",6,2018,0,0,0,0
"Lagos","11/02/2018",6,2018,0,0,0,0
"Nasarawa","11/02/2018",6,2018,0,0,0,0
"Niger","11/02/2018",6,2018,0,0,0,0
"Ogun","11/02/2018",6,2018,0,0,0,0
"Ondo","11/02/2018",6,2018,23,15,8,0
"Osun","11/02/2018",6,2018,0,0,0,0
"Oyo","11/02/2018",6,2018,1,0,1,0
"Plateau","11/02/2018",6,2018,3,1,2,0
"Rivers","11/02/2018",6,2018,0,0,0,0
"Sokoto","11/02/2018",6,2018,0,0,0,0
"Taraba","11/02/2018",6,2018,7,0,7,0
"Yobe","11/02/2018",6,2018,0,0,0,0
"Zamfara","11/02/2018",6,2018,0,0,0,0
"Abia","18/02/2018",7,2018,0,0,0,0
"Adamawa","18/02/2018",7,2018,0,0,0,0
"Akwa Ibom","18/02/2018",7,2018,0,0,0,0
"Anambra","18/02/2018",7,2018,0,0,0,0
"Bauchi","18/02/2018",7,2018,1,0,1,0
"Bayelsa","18/02/2018",7,2018,0,0,0,0
"Benue","18/02/2018",7,2018,0,0,0,0
"Borno","18/02/2018",7,2018,0,0,0,0
"Cross River","18/02/2018",7,2018,0,0,0,0
"Delta","18/02/2018",7,2018,0,0,0,0
"Ebonyi","18/02/2018",7,2018,2,0,2,0
"Edo","18/02/2018",7,2018,10,4,6,0
"Ekiti","18/02/2018",7,2018,2,1,1,0
"Enugu","18/02/2018",7,2018,0,0,0,0
"FCT","18/02/2018",7,2018,2,1,1,0
"Gombe","18/02/2018",7,2018,0,0,0,0
"Imo","18/02/2018",7,2018,0,0,0,0
"Jigawa","18/02/2018",7,2018,0,0,0,0
"Kaduna","18/02/2018",7,2018,0,0,0,0
"Kano","18/02/2018",7,2018,0,0,0,0
"Katsina","18/02/2018",7,2018,0,0,0,0
"Kebbi","18/02/2018",7,2018,1,0,1,0
"Kogi","18/02/2018",7,2018,0,0,0,0
"Kwara","18/02/2018",7,2018,2,0,2,0
"Lagos","18/02/2018",7,2018,0,0,0,0
"Nasarawa","18/02/2018",7,2018,2,0,0,2
"Niger","18/02/2018",7,2018,0,0,0,0
"Ogun","18/02/2018",7,2018,0,0,0,0
"Ondo","18/02/2018",7,2018,26,15,11,0
"Osun","18/02/2018",7,2018,0,0,0,0
"Oyo","18/02/2018",7,2018,0,0,0,0
"Plateau","18/02/2018",7,2018,4,0,4,0
"Rivers","18/02/2018",7,2018,4,0,4,0
"Sokoto","18/02/2018",7,2018,0,0,0,0
"Taraba","18/02/2018",7,2018,0,0,0,0
"Yobe","18/02/2018",7,2018,0,0,0,0
"Zamfara","18/02/2018",7,2018,0,0,0,0
"Abia","25/02/2018",8,2018,0,0,0,0
"Adamawa","25/02/2018",8,2018,0,0,0,0
"Akwa Ibom","25/02/2018",8,2018,0,0,0,0
"Anambra","25/02/2018",8,2018,0,0,0,0
"Bauchi","25/02/2018",8,2018,0,0,0,0
"Bayelsa","25/02/2018",8,2018,0,0,0,0
"Benue","25/02/2018",8,2018,0,0,0,0
"Borno","25/02/2018",8,2018,0,0,0,0
"Cross River","25/02/2018",8,2018,0,0,0,0
"Delta","25/02/2018",8,2018,0,0,0,0
"Ebonyi","25/02/2018",8,2018,0,0,0,0
"Edo","25/02/2018",8,2018,6,6,0,0
"Ekiti","25/02/2018",8,2018,2,0,2,0
"Enugu","25/02/2018",8,2018,0,0,0,0
"FCT","25/02/2018",8,2018,2,0,2,0
"Gombe","25/02/2018",8,2018,1,0,1,0
"Imo","25/02/2018",8,2018,0,0,0,0
"Jigawa","25/02/2018",8,2018,0,0,0,0
"Kaduna","25/02/2018",8,2018,0,0,0,0
"Kano","25/02/2018",8,2018,0,0,0,0
"Katsina","25/02/2018",8,2018,0,0,0,0
"Kebbi","25/02/2018",8,2018,0,0,0,0
"Kogi","25/02/2018",8,2018,2,1,1,0
"Kwara","25/02/2018",8,2018,2,0,0,2
"Lagos","25/02/2018",8,2018,0,0,0,0
"Nasarawa","25/02/2018",8,2018,2,1,1,0
"Niger","25/02/2018",8,2018,2,0,2,0
"Ogun","25/02/2018",8,2018,0,0,0,0
"Ondo","25/02/2018",8,2018,19,5,14,0
"Osun","25/02/2018",8,2018,0,0,0,0
"Oyo","25/02/2018",8,2018,0,0,0,0
"Plateau","25/02/2018",8,2018,3,0,3,0
"Rivers","25/02/2018",8,2018,0,0,0,0
"Sokoto","25/02/2018",8,2018,0,0,0,0
"Taraba","25/02/2018",8,2018,5,0,5,0
"Yobe","25/02/2018",8,2018,0,0,0,0
"Zamfara","25/02/2018",8,2018,0,0,0,0
"Abia","04/03/2018",9,2018,0,0,0,0
"Adamawa","04/03/2018",9,2018,0,0,0,0
"Akwa Ibom","04/03/2018",9,2018,0,0,0,0
"Anambra","04/03/2018",9,2018,0,0,0,0
"Bauchi","04/03/2018",9,2018,1,1,0,0
"Bayelsa","04/03/2018",9,2018,0,0,0,0
"Benue","04/03/2018",9,2018,1,0,0,1
"Borno","04/03/2018",9,2018,1,0,0,1
"Cross River","04/03/2018",9,2018,0,0,0,0
"Delta","04/03/2018",9,2018,0,0,0,0
"Ebonyi","04/03/2018",9,2018,0,0,0,0
"Edo","04/03/2018",9,2018,3,3,0,0
"Ekiti","04/03/2018",9,2018,1,0,1,0
"Enugu","04/03/2018",9,2018,1,0,1,0
"FCT","04/03/2018",9,2018,1,0,1,0
"Gombe","04/03/2018",9,2018,1,0,1,0
"Imo","04/03/2018",9,2018,0,0,0,0
"Jigawa","04/03/2018",9,2018,0,0,0,0
"Kaduna","04/03/2018",9,2018,0,0,0,0
"Kano","04/03/2018",9,2018,0,0,0,0
"Katsina","04/03/2018",9,2018,0,0,0,0
"Kebbi","04/03/2018",9,2018,0,0,0,0
"Kogi","04/03/2018",9,2018,4,1,3,0
"Kwara","04/03/2018",9,2018,0,0,0,0
"Lagos","04/03/2018",9,2018,0,0,0,0
"Nasarawa","04/03/2018",9,2018,1,0,1,0
"Niger","04/03/2018",9,2018,0,0,0,0
"Ogun","04/03/2018",9,2018,0,0,0,0
"Ondo","04/03/2018",9,2018,12,1,11,0
"Osun","04/03/2018",9,2018,0,0,0,0
"Oyo","04/03/2018",9,2018,0,0,0,0
"Plateau","04/03/2018",9,2018,1,0,1,0
"Rivers","04/03/2018",9,2018,0,0,0,0
"Sokoto","04/03/2018",9,2018,0,0,0,0
"Taraba","04/03/2018",9,2018,4,0,4,0
"Yobe","04/03/2018",9,2018,0,0,0,0
"Zamfara","04/03/2018",9,2018,0,0,0,0
"Abia","11/03/2018",10,2018,0,0,0,0
"Adamawa","11/03/2018",10,2018,0,0,0,0
"Akwa Ibom","11/03/2018",10,2018,0,0,0,0
"Anambra","11/03/2018",10,2018,0,0,0,0
"Bauchi","11/03/2018",10,2018,0,0,0,0
"Bayelsa","11/03/2018",10,2018,0,0,0,0
"Benue","11/03/2018",10,2018,0,0,0,0
"Borno","11/03/2018",10,2018,2,0,2,0
"Cross River","11/03/2018",10,2018,0,0,0,0
"Delta","11/03/2018",10,2018,0,0,0,0
"Ebonyi","11/03/2018",10,2018,1,1,0,0
"Edo","11/03/2018",10,2018,3,3,0,0
"Ekiti","11/03/2018",10,2018,1,1,0,0
"Enugu","11/03/2018",10,2018,0,0,0,0
"FCT","11/03/2018",10,2018,2,0,2,0
"Gombe","11/03/2018",10,2018,3,0,0,3
"Imo","11/03/2018",10,2018,0,0,0,0
"Jigawa","11/03/2018",10,2018,0,0,0,0
"Kaduna","11/03/2018",10,2018,1,0,1,0
"Kano","11/03/2018",10,2018,0,0,0,0
"Katsina","11/03/2018",10,2018,0,0,0,0
"Kebbi","11/03/2018",10,2018,0,0,0,0
"Kogi","11/03/2018",10,2018,0,0,0,0
"Kwara","11/03/2018",10,2018,0,0,0,0
"Lagos","11/03/2018",10,2018,0,0,0,0
"Nasarawa","11/03/2018",10,2018,1,0,1,0
"Niger","11/03/2018",10,2018,0,0,0,0
"Ogun","11/03/2018",10,2018,1,0,1,0
"Ondo","11/03/2018",10,2018,20,2,18,0
"Osun","11/03/2018",10,2018,0,0,0,0
"Oyo","11/03/2018",10,2018,0,0,0,0
"Plateau","11/03/2018",10,2018,3,1,2,0
"Rivers","11/03/2018",10,2018,0,0,0,0
"Sokoto","11/03/2018",10,2018,0,0,0,0
"Taraba","11/03/2018",10,2018,0,0,0,0
"Yobe","11/03/2018",10,2018,0,0,0,0
"Zamfara","11/03/2018",10,2018,0,0,0,0
"Abia","18/03/2018",11,2018,0,0,0,0
"Adamawa","18/03/2018",11,2018,0,0,0,0
"Akwa Ibom","18/03/2018",11,2018,0,0,0,0
"Anambra","18/03/2018",11,2018,0,0,0,0
"Bauchi","18/03/2018",11,2018,2,0,2,0
"Bayelsa","18/03/2018",11,2018,0,0,0,0
"Benue","18/03/2018",11,2018,0,0,0,0
"Borno","18/03/2018",11,2018,0,0,0,0
"Cross River","18/03/2018",11,2018,0,0,0,0
"Delta","18/03/2018",11,2018,0,0,0,0
"Ebonyi","18/03/2018",11,2018,3,1,2,0
"Edo","18/03/2018",11,2018,0,0,0,0
"Ekiti","18/03/2018",11,2018,2,0,2,0
"Enugu","18/03/2018",11,2018,0,0,0,0
"FCT","18/03/2018",11,2018,0,0,0,0
"Gombe","18/03/2018",11,2018,3,0,3,0
"Imo","18/03/2018",11,2018,0,0,0,0
"Jigawa","18/03/2018",11,2018,0,0,0,0
"Kaduna","18/03/2018",11,2018,0,0,0,0
"Kano","18/03/2018",11,2018,0,0,0,0
"Katsina","18/03/2018",11,2018,0,0,0,0
"Kebbi","18/03/2018",11,2018,0,0,0,0
"Kogi","18/03/2018",11,2018,0,0,0,0
"Kwara","18/03/2018",11,2018,0,0,0,0
"Lagos","18/03/2018",11,2018,0,0,0,0
"Nasarawa","18/03/2018",11,2018,0,0,0,0
"Niger","18/03/2018",11,2018,0,0,0,0
"Ogun","18/03/2018",11,2018,0,0,0,0
"Ondo","18/03/2018",11,2018,3,1,2,0
"Osun","18/03/2018",11,2018,0,0,0,0
"Oyo","18/03/2018",11,2018,0,0,0,0
"Plateau","18/03/2018",11,2018,1,0,0,1
"Rivers","18/03/2018",11,2018,0,0,0,0
"Sokoto","18/03/2018",11,2018,0,0,0,0
"Taraba","18/03/2018",11,2018,4,0,0,4
"Yobe","18/03/2018",11,2018,0,0,0,0
"Zamfara","18/03/2018",11,2018,0,0,0,0
"Abia","25/03/2018",12,2018,0,0,0,0
"Adamawa","25/03/2018",12,2018,0,0,0,0
"Akwa Ibom","25/03/2018",12,2018,0,0,0,0
"Anambra","25/03/2018",12,2018,0,0,0,0
"Bauchi","25/03/2018",12,2018,3,0,3,0
"Bayelsa","25/03/2018",12,2018,0,0,0,0
"Benue","25/03/2018",12,2018,0,0,0,0
"Borno","25/03/2018",12,2018,0,0,0,0
"Cross River","25/03/2018",12,2018,0,0,0,0
"Delta","25/03/2018",12,2018,0,0,0,0
"Ebonyi","25/03/2018",12,2018,0,0,0,0
"Edo","25/03/2018",12,2018,2,2,0,0
"Ekiti","25/03/2018",12,2018,1,0,1,0
"Enugu","25/03/2018",12,2018,0,0,0,0
"FCT","25/03/2018",12,2018,1,1,0,0
"Gombe","25/03/2018",12,2018,0,0,0,0
"Imo","25/03/2018",12,2018,0,0,0,0
"Jigawa","25/03/2018",12,2018,0,0,0,0
"Kaduna","25/03/2018",12,2018,0,0,0,0
"Kano","25/03/2018",12,2018,0,0,0,0
"Katsina","25/03/2018",12,2018,0,0,0,0
"Kebbi","25/03/2018",12,2018,0,0,0,0
"Kogi","25/03/2018",12,2018,2,0,2,0
"Kwara","25/03/2018",12,2018,0,0,0,0
"Lagos","25/03/2018",12,2018,0,0,0,0
"Nasarawa","25/03/2018",12,2018,0,0,0,0
"Niger","25/03/2018",12,2018,0,0,0,0
"Ogun","25/03/2018",12,2018,0,0,0,0
"Ondo","25/03/2018",12,2018,13,2,11,0
"Osun","25/03/2018",12,2018,1,1,0,0
"Oyo","25/03/2018",12,2018,0,0,0,0
"Plateau","25/03/2018",12,2018,2,0,2,0
"Rivers","25/03/2018",12,2018,0,0,0,0
"Sokoto","25/03/2018",12,2018,0,0,0,0
"Taraba","25/03/2018",12,2018,2,0,2,0
"Yobe","25/03/2018",12,2018,0,0,0,0
"Zamfara","25/03/2018",12,2018,0,0,0,0
"Abia","01/04/2018",13,2018,0,0,0,0
"Adamawa","01/04/2018",13,2018,0,0,0,0
"Akwa Ibom","01/04/2018",13,2018,0,0,0,0
"Anambra","01/04/2018",13,2018,0,0,0,0
"Bauchi","01/04/2018",13,2018,2,0,2,0
"Bayelsa","01/04/2018",13,2018,0,0,0,0
"Benue","01/04/2018",13,2018,0,0,0,0
"Borno","01/04/2018",13,2018,0,0,0,0
"Cross River","01/04/2018",13,2018,0,0,0,0
"Delta","01/04/2018",13,2018,0,0,0,0
"Ebonyi","01/04/2018",13,2018,0,0,0,0
"Edo","01/04/2018",13,2018,0,0,0,0
"Ekiti","01/04/2018",13,2018,1,0,1,0
"Enugu","01/04/2018",13,2018,0,0,0,0
"FCT","01/04/2018",13,2018,0,0,0,0
"Gombe","01/04/2018",13,2018,1,0,1,0
"Imo","01/04/2018",13,2018,0,0,0,0
"Jigawa","01/04/2018",13,2018,0,0,0,0
"Kaduna","01/04/2018",13,2018,0,0,0,0
"Kano","01/04/2018",13,2018,0,0,0,0
"Katsina","01/04/2018",13,2018,0,0,0,0
"Kebbi","01/04/2018",13,2018,0,0,0,0
"Kogi","01/04/2018",13,2018,2,0,2,0
"Kwara","01/04/2018",13,2018,0,0,0,0
"Lagos","01/04/2018",13,2018,0,0,0,0
"Nasarawa","01/04/2018",13,2018,0,0,0,0
"Niger","01/04/2018",13,2018,0,0,0,0
"Ogun","01/04/2018",13,2018,0,0,0,0
"Ondo","01/04/2018",13,2018,8,1,7,0
"Osun","01/04/2018",13,2018,1,0,1,0
"Oyo","01/04/2018",13,2018,0,0,0,0
"Plateau","01/04/2018",13,2018,3,1,2,0
"Rivers","01/04/2018",13,2018,0,0,0,0
"Sokoto","01/04/2018",13,2018,0,0,0,0
"Taraba","01/04/2018",13,2018,1,0,1,0
"Yobe","01/04/2018",13,2018,0,0,0,0
"Zamfara","01/04/2018",13,2018,0,0,0,0
"Abia","08/04/2018",14,2018,0,0,0,0
"Adamawa","08/04/2018",14,2018,0,0,0,0
"Akwa Ibom","08/04/2018",14,2018,0,0,0,0
"Anambra","08/04/2018",14,2018,0,0,0,0
"Bauchi","08/04/2018",14,2018,0,0,0,0
"Bayelsa","08/04/2018",14,2018,0,0,0,0
"Benue","08/04/2018",14,2018,0,0,0,0
"Borno","08/04/2018",14,2018,0,0,0,0
"Cross River","08/04/2018",14,2018,0,0,0,0
"Delta","08/04/2018",14,2018,0,0,0,0
"Ebonyi","08/04/2018",14,2018,1,1,0,0
"Edo","08/04/2018",14,2018,3,1,2,0
"Ekiti","08/04/2018",14,2018,0,0,0,0
"Enugu","08/04/2018",14,2018,0,0,0,0
"FCT","08/04/2018",14,2018,2,0,2,0
"Gombe","08/04/2018",14,2018,1,0,1,0
"Imo","08/04/2018",14,2018,0,0,0,0
"Jigawa","08/04/2018",14,2018,0,0,0,0
"Kaduna","08/04/2018",14,2018,0,0,0,0
"Kano","08/04/2018",14,2018,0,0,0,0
"Katsina","08/04/2018",14,2018,0,0,0,0
"Kebbi","08/04/2018",14,2018,0,0,0,0
"Kogi","08/04/2018",14,2018,0,0,0,0
"Kwara","08/04/2018",14,2018,0,0,0,0
"Lagos","08/04/2018",14,2018,0,0,0,0
"Nasarawa","08/04/2018",14,2018,1,0,1,0
"Niger","08/04/2018",14,2018,0,0,0,0
"Ogun","08/04/2018",14,2018,0,0,0,0
"Ondo","08/04/2018",14,2018,9,0,9,0
"Osun","08/04/2018",14,2018,0,0,0,0
"Oyo","08/04/2018",14,2018,1,0,1,0
"Plateau","08/04/2018",14,2018,1,0,1,0
"Rivers","08/04/2018",14,2018,0,0,0,0
"Sokoto","08/04/2018",14,2018,0,0,0,0
"Taraba","08/04/2018",14,2018,0,0,0,0
"Yobe","08/04/2018",14,2018,0,0,0,0
"Zamfara","08/04/2018",14,2018,0,0,0,0
